title,comment_count,averge_price,type,area,recommend,group_purchase,preferential
解家河南菜(商鼎路店),1802,￥93,豫菜,郑州东站,烙馍四宝拼， 鱼头红焖+鱼丸清炖， 地锅馍蘸酱,解家河南菜!四人餐,无
Two Birds One Stone·一石二鸟(木色店),2642,￥86,咖啡,郑东新区CBD,招牌羊角班尼， 澳白， 照烧鸡肉凤梨沙拉,Two Birds One Stone·一石二鸟!仅售185元！价值245元的能量双人餐。,无
绿茶餐厅(郑州万象城店),4802,￥67,浙菜,万象城,面包诱惑， 石锅鸡汤豆腐， 绿茶饼,绿茶餐厅!仅售145元！价值150元的代金券1张，全场通用，单次消费最多可用1张，不可与其它代金券叠加使用。,无
曼玉餐厅(二七万达店),3329,￥70,特色菜,二七万达,台式三杯鸡， 招牌炒饭， 蜂蜜厚多士,曼玉餐厅!曼玉春日春游小聚双人餐,无
食欲老院子河南民间菜(农业路店),5293,￥74,豫菜,国贸360,老院子扒皮鱼， 荆芥疙瘩汤， 酸汤焦烧丸,食欲老院子河南民间菜!老院子豆酱,无
方中山胡辣汤(顺河路店),7584,￥20,胡辣汤,人民路/紫荆山,牛肉盒， 葱花油饼， 精品两掺胡辣汤,方中山胡辣汤!【春到胃里暖】优质双人餐,无
出云记(城东路店),2539,￥85,浙菜,人民路/紫荆山,出云辣子鸡， 脆皮猪蹄， 牛骨髓炒豆腐,出云记!仅售118元！价值158元的出云辣子鸡工作日双人餐。,无
曼玉餐厅(大卫城店),3915,￥76,特色菜,丹尼斯·大卫城,台式三杯鸡， 招牌炒饭， 冰火菠萝油,曼玉餐厅!曼玉春日春游小聚双人餐,无
郑州烤鸭总店,4093,￥69,烤鸭,人民路/紫荆山,烤鸭整， 三鲜伊府面， 红豆粥,郑州烤鸭总店!尊享超值单人餐,无
阿五黄河大鲤鱼(英协路店),6235,￥106,豫菜,曼哈顿广场/英协路,红烧黄河鲤鱼， 牛奶炒饭， 熬炒鸡,阿五黄河大鲤鱼!仅售1000元！价值1100元的储值卡1张。,无
锦珍锦顺德开煲(农科路店),2910,￥80,粤菜馆,国贸360,生蕨清远鸡， 腊味煲仔饭， 花青粥,锦珍锦顺德开煲!【广式招牌推荐】砂锅海鲜粥双人餐,有
栖三(未来路店),2724,￥74,西餐,曼哈顿广场/英协路,牛肉茶泡饭， 主厨沙拉， 甜白鲜虾意面,栖三!仅售119元！价值175元的栖三甄选双人餐。,无
华豫川酒家(金水路店),3045,￥97,川菜馆,人民路/紫荆山,藤椒太安鱼， 鸡丝拌荞面， 清一色毛血旺,华豫川酒家!仅售38元！价值76元的华豫川自制辣椒酱2瓶，可免费使用包间。,有
阿五黄河大鲤鱼(纬三路店),4972,￥106,豫菜,人民路/紫荆山,红烧黄河鲤鱼， 牛奶炒饭， 煎烧黄河鲤鱼,阿五黄河大鲤鱼!仅售1000元！价值1100元的储值卡1张。,无
惠丰源烩面馆(经七路店),2066,￥30,烩面馆,国贸360,烩面， 凉菜， 凉拌牛肉,无,无
小大董·烤鸭(天空之城店),4468,￥80,烤鸭,郑州东站,酥不腻烤鸭， 小大董酿皮， 海盐冰淇淋,小大董·烤鸭!仅售468元！价值663元的小大董甄选四人餐。,有
裕丰源豫食雅宴,2383,￥98,豫菜,郑州东站,优质滋补烩面， 豫府扣四宝， 陈氏红烧黄河鲤鱼,裕丰源豫食雅宴!仅售9.9元！价值18元的杏仁布丁1份。,有
曼玉餐厅(正弘城店),3450,￥75,特色菜,正弘中心,台式三杯鸡， 招牌炒饭， 蟹黄豆腐,曼玉餐厅!曼玉春日臻享情侣双人餐,无
城墙根茶馆(金水路店),10168,￥105,豫菜,丹尼斯·大卫城,妙酱串串红， 椒盐豫东小山羊羊排， 红烧七星湖大鲤鱼,城墙根茶馆!仅售2000元！价值2200元的代金券1张，全场通用，可叠加使用。,无
俏越(永威木色优品店),1434,￥89,越南菜,郑东新区CBD,越南河内火车头牛肉河粉， 越南米纸冷卷， 冬阴海鲜汤,俏越!仅售68元！价值86元的俏越经典单人餐（非清真）。,无
觉醒BAKERY(海汇港店),1549,￥32,面包蛋糕,汽车东站,招牌海盐卷， MINI泡芙， 碱水贝果,觉醒BAKERY!红豆松松,无
东北饭莊(顺河路总店),2511,￥60,东北菜,曼哈顿广场/英协路,锅包肉， 酸菜肉饺子， 地三鲜,东北饭莊!【畅销爆款】超值四人餐（周一至周四可用）,无
淮扬厨子(黑金冠金水区省体育场店),2499,￥81,淮扬菜,大石桥/体育场,淮扬清汤狮子头， 老弄堂红烧肉， 清蒸太湖大白条,淮扬厨子!仅售40元！价值50元的代金券1张，仅限使用1张。,无
阿庄新豫菜(航海东路店),3900,￥93,豫菜,经开区,虾锅贴（半份）， 酥香嫩烤鸭， 红烧黄河大鲤鱼,阿庄新豫菜!午市限定双人餐,无
四小姐的店(海汇店),4206,￥78,特色菜,郑州东站,煎烤蜀香猪梅花肉配土豆， 想吃的紫茄子， 养生一锅鲜,四小姐的店!『收藏打卡品鉴』蜂蜜柚子茶（扎）,无
阿甘小馆(陇海路店),4131,￥69,苏浙菜,儿童公园/凯旋门,阿甘东坡肉， 热吻， 阿甘下饭菜,阿甘小馆!仅售1元！价值2元的代金券1张，仅限使用1张。,无
成师傅·大宋炒菜楼(中兴路店),5330,￥81,豫菜,郑州东站,成师傅汴京烤鸭， 青椒黄河鲤鱼， 焗南瓜,成师傅·大宋炒菜楼!【优享】酱香鸭头【微辣】（限时售卖）,无
云归处私房菜(天瑞街总店),371,￥77,私房菜,郑东新区CBD,锅巴鸡胗， 红焖鱼头， 咸蛋黄炒土豆丝,云归处私房菜!仅售92元！价值100元的代金券1张，单次消费最多可用6张，不可与其它代金券叠加使用，可免费使用包间。,无
城墙根茶馆(CBD店),8680,￥105,豫菜,郑东新区CBD,妙酱串串红， 椒盐豫东小山羊羊排， 头道汤烩面,城墙根茶馆!仅售588元！价值1060元的戏曲化妆旅拍套餐，建议单人使用。,无
解家河南菜(碧沙岗店),3618,￥82,豫菜,碧沙岗,野生南湾鱼一鱼两吃， 梅菜扣肉， 麦片铁棍山药,解家河南菜!【爆款】豫菜2-3餐,无
ZAX BBQ(蓝堡湾店),2547,￥108,西餐,正弘中心,果木烟熏排骨， 现切红薯条， 肉桂苹果派,ZAX BBQ!品质甄选果木烟熏猪排骨(小份4根)(需电话提前预定),无
boundaries籬苑(瑞光创意工厂-贰号院店),1395,￥67,特色菜,医学院,鸡里蹦， 米酒， 竹笋焖牛腩,boundaries籬苑!仅售49.9元！价值67元的双人下午茶套餐。,无
瓦库茶馆17号(海汇港店),2483,￥130,苏浙菜,郑州东站,普洱茶黑猪鲜排骨， 家烧深海大黄鱼， 瓦库小炒肉,瓦库茶馆32号!【午市专享】甄选双人套餐,有
张福记(纬五路店),3819,￥103,浙菜,金水路/省政府,东坡肉， 金牌蒜香骨， 生煎包,张福记!甄选6人餐,有
胖娃川菜馆(文化宫路店),2785,￥53,川菜馆,碧沙岗,歌乐山辣子鸡， 毛血旺， 香辣土豆丝,胖娃川菜馆!【打卡必选】胖娃特色双人餐,无
外婆家(万达坊店),2789,￥74,浙菜,正弘中心,外婆红烧肉， 外婆茶香鸡， 麻婆豆腐,外婆家!仅售98元！价值100元的代金券1张，全场通用，单次消费最多可用2张，不可与其它代金券叠加使用。,无
葛记焖饼(经一路店),13239,￥49,豫菜,经三路沿线,金牌红豆粥， 葛记焖饼， 热绿豆沙,葛记焖饼!888元团团圆圆套餐,无
厚道寿喜烧専門店·自助畅食(二七万达店),3314,￥114,寿喜锅/烧自助,二七万达,厳選霜降り牛肩肉（霜降牛肩肉）， 寿喜锅， 无菌蛋,厚道寿喜烧専門店·自助畅食!【工作日抢鲜卡】安格斯牛肉海鲜进阶餐单人自助畅吃,无
山上下日本料理(万象城店),2953,￥141,日本料理,西大街,芥末虾球， 超人气三文鱼刺身， 大坂雪花牛肉块,山上下日本料理!探店拔草·双人餐,有
麦陌(正弘城店),3712,￥43,面包蛋糕,正弘中心,核桃马里奥， 芋泥蛋黄流心吐司， 星空流沙包,无,无
奈石寿喜烧(汇艺银河里店),4365,￥126,寿喜锅/烧自助,郑州东站,寿喜烧， 澳洲雪花肥牛， 谷饲牛上脑,奈石寿喜烧!【樱你而来】单人·臻享·自助,有
58度品质川菜馆(经一路店),1407,￥75,川菜馆,经三路沿线,歌乐山辣子鸡， 平凡土豆， 成都毛血旺,58度品质川菜!仅售6.6元！价值9.9元的鸭屎香柠檬茶，建议单人使用。,无
阿庄新豫菜(通泰路店),3409,￥97,豫菜,东建材,虾锅贴， 酥香嫩烤鸭， 红烧黄河大鲤鱼,阿庄新豫菜!仅售95元！价值100元的代金券1张，可叠加使用。,无
小城外品质民间菜(工人路店),1299,￥62,豫菜,帝湖,八宝烤南瓜， 功夫酱焖鱼， 烙馍卷馓子,无,无
清真·静水瓦屋茶餐厅(经三路店),1978,￥101,豫菜,经三路沿线,火焰牛排， 乌龙荷叶牛肉， 珍菌全竹宴,清真·静水瓦屋茶餐厅!仅售47.5元！价值50元的代金券1张，除茶品外全场通用，可叠加使用，可免费使用包间。,无
山之川·日式料理(瀚海海尚店),1683,￥166,自助餐,财院/轻工业学院,法式红酒鹅肝， 烤鳗鱼， 极品刺身大拼盘,山之川·日式料理!仅售358元！价值368元的尊享海鲜放题。,无
阿庄新豫菜(黄河南路店),1777,￥97,豫菜,郑东新区CBD,虾锅贴， 信阳地锅鸡， 红烧黄河大鲤鱼,阿庄新豫菜!早春打卡必点双人餐,无
剧会音乐西餐厅(黄河路店),4142,￥108,西餐,建文新世界,香草烤春鸡， 碳烤澳洲肉眼牛排， 沙拉,剧会音乐西餐厅!仅售92元！价值100元的代金券1张，全场通用，可叠加使用。,无
清真·阿恰西域饭店(高铁站双子塔店),1426,￥72,新疆菜,体育公园,烤包子， 新疆大羊肉串， 自酿果仁酸奶,清真·阿恰西域饭店!仅售95元！价值100元的代金券1张，除酒水、饮料，酸奶外全场通用，可叠加使用，可免费使用包间。,无
隐野食堂(三天地店),1409,￥113,日本料理,郑东新区CBD,葱味烤牛舌， A级鹅肝寿司， 寿喜火锅,隐野食堂!双人甜品小套餐,无
bluefrog蓝蛙(郑州花园路万达坊店),3785,￥115,西餐,建业凯旋广场,蘑菇味狠浓牛肉汉堡， 蓝蛙秘制够呛辣牛肉汉堡， 经典炸薯条,bluefrog蓝蛙!蓝蛙尽兴单人餐,有
曼玉餐厅(绿地新都会店),2540,￥73,特色菜,祭城/大旺城,台式三杯鸡， 招牌炒饭， 蟹黄豆腐,曼玉餐厅!曼玉春日臻享情侣双人餐,无
苏园餐饮·苏荟(众意路店),2755,￥155,粤菜馆,熙地港/王府井,客家红烧肉， 13.天鹅榴莲酥， 松鼠鲑鱼,苏园餐饮·苏荟!苏荟招牌十人餐,无
俄士厨房(万达坊店),7297,￥104,俄罗斯菜,建业凯旋广场,莫斯科红菜汤， 俄式拌香鸡， 鸡肉串,俄士厨房!工作日午市单人套餐,无
溢香苑瓦罐(红专路店),2158,￥39,家常菜,国贸360,香酥饼， 纯廋酥肉瓦罐， 莲夹瓦罐,溢香苑瓦罐!仅售47.5元！价值50元的代金券1张，全场通用，可叠加使用，可免费使用包间。,无
王品牛排(郑州大卫城店),4610,￥261,牛排,丹尼斯·大卫城,王品牛排， 法式香煎鹅肝佐桂花百香果酱， 梦幻玫瑰,王品牛排!【浪漫约会】招牌双人套餐,有
阿琳娜ALAYNA(宏光百花里店),1109,￥59,川菜馆,曼哈顿广场/英协路,藤椒水晶虾， 私房牛肉炖， 巴蜀水煮牛肉,阿琳娜ALAYNA!【下午茶·优惠同享】华夫+厚多士2选1,无
郑喜旺烧烤(福元路店),6864,￥68,烤串,曼哈顿广场/英协路,新密炒虾尾， 羊肉串， 麦片紫薯,郑喜旺烧烤!【闺蜜聚】2人餐,无
二人烧(凯旋广场店),3823,￥95,韩式烤肉,建业凯旋广场,蟹柳飞鱼籽手抓饭， 玉米芝士， 猪五花,二人烧!【特色推荐】冰沙草莓,无
葛记焖饼(伏牛路店),15902,￥47,豫菜,西元国际广场,金牌红豆粥， 葛记香菇焖饼， 绿豆沙凉,葛记焖饼!888元团团圆圆套餐,无
白石的深夜食堂(二七万达店),5124,￥84,日本料理,二七万达,鳗鱼饭， 芝士芒果虾， 地狱拉面,白石的深夜食堂!仅售45元！价值50元的代金券1张，可叠加使用。,有
白石的深夜食堂·Yakitori(大卫城店),4656,￥87,日本料理,丹尼斯·大卫城,鳗鱼饭， 地狱拉面， 芝士芒果虾,白石的深夜食堂!微醺多人餐,无
蓉亭食贝(永威木色店),3021,￥78,川菜馆,郑东新区CBD,蓉派招牌毛血旺， 蓝莓山药， 蓉派馋嘴蛙,蓉亭食贝!能量满满亲子餐,有
张福记(五一公园店),1893,￥94,浙菜,碧沙岗,东坡肉， 生煎包， 金牌蒜香骨,张福记!仅售96元！价值100元的代金券1张，全场通用，可叠加使用。,有
张福记(陇海中路店),2649,￥99,浙菜,长城康桥华城,东坡肉， 蒜香排骨， 生煎包,张福记!精选3-4人餐,有
瓦库茶馆5号(众意路店),1920,￥130,苏浙菜,郑东新区CBD,十六年经典普洱茶黑猪鲜排骨， 十六年经典菌皇砂锅煲， 岩茶红烧肉,瓦库茶馆5号!【聚香欢聚】四人套茶,有
城墙根戏缘茶馆(天筑店),7294,￥150,豫菜,郑州东站,妙酱串串红， 头道汤烩面， 经典鲤鱼焙面,城墙根茶馆!仅售18元！价值22元的城门瑞兽1位。,无
海与山•和牛烧肉(龙湖里店),945,￥326,融合烤肉,国家森林公园/北龙湖,和牛特上小排， 三文鱼刺身， 自制白菜泡菜,海与山•和牛烧肉!【约会】和牛烧肉料理双人餐,无
鸟蘭精致料理(曼哈顿店),3514,￥93,日本料理,曼哈顿广场/英协路,梅浸圣女果， 日式寿喜锅， 厚切炙烤鹅肝寿司,鸟蘭精致料理!招牌料理2人餐,无
汀兰居酒屋(花园路万达坊商外街店),2428,￥99,日本料理,正弘中心,鹅肝寿司， 和牛肋条牛小排， 鹅肝炒饭,汀兰居酒屋!仅售97元！价值100元的代金券1张，可叠加使用，可免费使用包间。,无
古越舫·精品杭帮菜(正光北街店),1479,￥102,浙菜,郑东新区CBD,霉干菜烧肉， 杏仁芝麻鸡， 绍三鲜,古越舫·精品杭帮菜!仅售95元！价值100元的代金券1张，除酒水饮料外全场通用，可叠加使用10张，可免费使用包间。,无
世家牛扒城(文化路店),5492,￥90,牛排,健康路/零零茂,果木厚烤特选牛排， 铁板黑椒牛扒， 果木雪花牛小扒,世家牛扒城!亲子三人餐,无
造精酿餐厅·炭火料理,1754,￥103,西餐,郑州东站,爆浆金枪鱼披萨， 宽薯条配双簧， 芙力草莓澳洲安格斯M5菲力牛排,造精酿餐厅·炭火料理!招牌精酿,无
鲁班张葱烧海参(马庄街店),838,￥321,豫菜,郑东新区CBD,葱烧海参， 酸辣乌鱼蛋汤， 清汤松茸,鲁班张葱烧海参!【亲朋欢聚】豫菜8人餐,无
饭湘(政七街店),5045,￥53,湘菜,农科路酒吧街,肉汤泡饭， 十八秒牛肉， 擂辣椒皮蛋,饭湘!仅售368元！价值457元的【饭湘】❤️6-8人餐。,无
白石的深夜食堂(国贸360店),3623,￥86,日本料理,国贸360,鳗鱼饭， 鹅肝手握， 芝士芒果虾,白石的深夜食堂!人气大福,有
花融 · Live House餐厅(农科路店),1316,￥82,创意菜,农科路酒吧街,波辣嫩牛片， 黑椒凤梨牛肉粒， 蔬菜牛油果沙拉,花融 · Live House餐厅!仅售35.9元！价值48元的鸡尾酒4选14选1，建议单人使用。,无
阿五黄河大鲤鱼(陇海西路店),3835,￥100,豫菜,儿童公园/凯旋门,红烧黄河鲤鱼， 牛奶炒饭， 熬炒鸡,阿五黄河大鲤鱼!非遗黑香肠礼盒,无
华豫川酒家(英协路店),1534,￥95,川菜馆,曼哈顿广场/英协路,太安鲈鱼， 清一色毛血旺， 鸡丝拌荞面,华豫川酒家!仅售12元！价值20元的水果芋圆冰粉1份。,有
曼玉餐厅(中原万达店),1163,￥68,特色菜,中原万达,台式三杯鸡， 招牌炒饭， 蜂蜜厚多士,曼玉餐厅!曼玉春日春游小聚双人餐,无
阿五黄河大鲤鱼(天泽街店),3768,￥106,豫菜,宝龙城市广场/熙地港,红烧黄河大鲤鱼， 红烧黄河鲤鱼， 牛奶炒饭,阿五黄河大鲤鱼!非遗黑香肠礼盒,无
韩盛.盛江山自助烤肉(花园路万达坊店),6779,￥81,海鲜自助,建业凯旋广场,冰淇淋， 烤肉， 生蚝,韩盛.盛江山自助烤肉!【暖冬欢聚特惠开烤】单人烤肉自助不限量,无
东东鲜芋圆(郑州店),3223,￥24,甜品,大上海城,招牌芋圆， 芋泥球， 招牌大满贯,东东鲜芋圆!仅售14.8元！价值16元的红豆鲜奶麻薯1份。,无
华豫川酒家(大卫城店),3478,￥98,川菜馆,丹尼斯·大卫城,太安鱼， 鸡丝拌荞面， 清一色毛血旺,华豫川酒家!泼辣牛柳品质四人餐,有
好福记•精品家常菜•太安鱼•火爆腰花(任砦北街店),2379,￥67,川菜馆,大石桥/体育场,太安鱼， 茶树菇炒大肠， 脑花豆腐,好福记•精品家常菜•太安鱼•火爆腰花!【品质甄选】精品家常双人餐,无
胖娃川菜馆(商城路路南店),781,￥56,川菜馆,康桥商务广场,歌乐山辣子鸡， 土豆丝， 毛血旺,无,无
炉小哥烤肉(大卫城店),10202,￥90,融合烤肉,丹尼斯·大卫城,粒粒拉丝芝士炒饭， 澳洲霜降肥牛， 澳洲雪花肥牛,炉小哥烤肉!满足四人餐,无
蓉亭食贝(郑东商业中心店),2735,￥82,川菜馆,郑州东站,蓉派招牌毛血旺， 蓉派鸡丝凉面， 蓉派馋嘴蛙,蓉亭食贝![食贝上新]春味4人餐,有
鸟安Izakaya居酒屋,2077,￥126,日本料理,熙地港/王府井,鹅肝寿司， 寿喜锅， 肋条牛小排,鸟安Izakaya居酒屋!仅售43.2元！价值72元的午市一人餐。,有
寻味小馆(政七街店),3680,￥68,特色菜,农科路酒吧街,台式三杯鸡， 招牌糖醋小排骨， 炝炒高丽菜,寻味小馆!经典双人餐,无
鹅娘盛塘地锅(经开区店),930,￥74,东北菜,经开区,雁鹅， 玉米饼， 茶树菇,鹅娘锦塘地锅!【排骨3斤+五花肉】2-3人餐,无
华豫川酒家(花园路万达坊店),1423,￥99,川菜馆,建业凯旋广场,藤椒太安鱼， 清一色毛血旺， 鸡丝拌荞面,华豫川酒家!金牌回锅肉双人餐,有
善缘聚素食(郑州总店),1124,￥87,素食,郑东新区CBD,紫薯薄皮包， 招牌紫茄， 禅阅书卷,善缘聚素食!仅售95元！价值100元的代金券1张，除酒水、饮料、包间外全场通用，可叠加使用4张。,无
巴黎之花法国餐厅(CBD店),1245,￥486,西餐,郑东新区CBD,法式经典香煎鹅肝， 招牌马赛鱼汤， 法式香草焗蜗牛,巴黎之花法国餐厅!仅售39.9元！价值88元的法式蛋白柠檬塔佐香草冰淇淋1份。,无
会飞的鸡FlyingChicken(金水店),1171,￥45,韩式料理,正弘中心,甜辣酱， 韩式薯格， 无骨炸鸡,会飞的鸡FlyingChicken!【情人节专享】双人鸡翅中套餐,无
铁板诱惑法式铁板烧(大卫城店&和牛寿喜烧店),5740,￥280,自助餐,丹尼斯·大卫城,法国鹅肝， 刺身拼盘， 芝士焗龙虾仔,铁板诱惑法式铁板烧!【大卫城店专享】单人和牛寿喜烧海鲜自助,有
北角秀味港式茶餐厅(锦艺城店),1679,￥59,茶餐厅,锦艺城/王府井,虾饺皇， 菠萝油， 黑金流沙包,北角秀味港式茶餐厅!仅售95元！价值100元的代金券1张，全场通用，仅限使用1张。,无
粉十二螺蛳粉(农科路店),2876,￥27,小吃快餐,建业凯旋广场,七爷招牌螺蛳粉， 干捞螺蛳粉， 七爷炒螺蛳粉,粉十二螺蛳粉!招牌螺蛳粉（汤粉）,无
汴梁斋牛肉馅饼(管城店),531,￥10,快餐简餐,西大街,牛肉大葱馅饼， 麻辣鸡肉馅饼， 牛肉馅饼内,汴梁斋牛肉馅饼!仅售22元！价值32元的【三十年老店】金丝牛肉馅饼4份。,无
大智若鱼·新国风鱼火锅(熙地港店),2552,￥89,鱼火锅,宝龙城市广场/熙地港,美龄粥， 原味绿豆糕， 麻辣鱼,大智若鱼·新国风鱼火锅!大智若鱼2-3人套餐,无
俄士厨房(未来路店),16879,￥101,俄罗斯菜,曼哈顿广场/英协路,鸡肉串， 莫斯科红菜汤， 俄式拌香鸡,俄士厨房!工作日限定双人餐,无
禾珍珠家常小馆(河南博物院店),3284,￥60,豫菜,国贸360,土豆炖牛腩， 生煎茼蒿， 鲜椒鸡,禾珍珠家常小馆!【招牌必点】双人餐,无
半丘现烤面包·生日蛋糕(龙湖里店),2025,￥36,面包蛋糕,宝龙城市广场/熙地港,核桃布里欧修， 香草泡芙， 20%黑麦水果棍,半丘现烤面包·生日蛋糕!仅售88元！价值100元的代金券1张，仅适用于面包、自制饼干、切块蛋糕、自制饮品，可叠加使用。,无
俄士厨房(印象汇店),9330,￥98,俄罗斯菜,建业路/英协花园,鸡肉串， 俄式拌香鸡， 莫斯科红菜汤,俄士厨房!工作日限定双人餐,无
华豫川酒家(锦艺城店),2111,￥90,川菜馆,锦艺城/王府井,藤椒太安鱼， 清一色毛血旺， 鸡丝拌荞面,华豫川酒家!精致毛血旺双人餐,有
有间餐吧,776,￥53,川菜馆,大石桥/体育场,酸辣面， 炒馍， 重庆辣子鸡,无,无
华豫川酒家(双子塔店),2288,￥102,川菜,体育公园,太安鲈鱼， 鸡丝拌荞面， 清一色毛血旺,华豫川酒家!金牌回锅肉双人餐,有
宝正臻天津包子总店(金阳光居易店),1545,￥33,小吃,东风路,传统猪肉包， 宝正臻素包， 酸辣汤,宝正臻天津包子总店!仅售42元！价值48元的宝正臻天津包子双人餐。,无
九田家黑牛烤肉料理(二七万达店),8525,￥93,韩式烤肉,二七万达,黑牛肋条， 照烧鸡腿饭， 厚切猪五花,九田家黑牛烤肉料理!【一人食】面食套餐,无
嵩山不一般水席文化餐厅,907,￥79,豫菜,登封一中/国际商贸城,嵩山不一般【宴菜】， 酸辣肚丝汤， 烧饼,嵩山不一般水席文化餐厅!嵩山不一般【甄选4人餐】,无
白石的深夜食堂·Yakitori(正弘城店),5940,￥88,日本料理,正弘中心,鳗鱼饭， 鹅肝手握， 芝士芒果虾,白石的深夜食堂!约会氛围感双人餐,有
小拙匠火锅(玉兰街店),1529,￥66,火锅,科学大道,手打虾滑， 厚切牛肉， 现炸小酥肉,小拙匠火锅!【围炉开涮】美味三人餐,无
湊湊火锅·茶憩(正弘城店),4264,￥102,火锅,正弘中心,鸭血豆腐无限续， 大红袍珍珠奶茶， 飞鱼籽墨鱼滑,湊湊火锅·茶憩!【春鲜食光】畅享4人餐,无
二人烧(健康路店),3753,￥88,韩式烤肉,大石桥/体育场,玉米芝士， 蟹柳飞鱼籽手抓饭， 招牌LA牛排,二人烧!仅售47.5元！价值50元的代金券1张，除酒水、饮料外全场通用，可叠加使用，可免费使用包间。,无
厚道寿喜烧専門店·自助畅食(万达坊店),2741,￥112,寿喜锅/烧自助,正弘中心,獭祭寿喜锅， 朝一鸡蛋， 牛五花肉,厚道寿喜烧専門店·自助畅食!体验儿童单人自助（1米-1.3儿童可享）【美团专场】,无
煜丰汴京烤鸭(福彩路店),1559,￥80,豫菜,省电视台,煜丰汴京烤鸭， 高炉烧饼， 滋补鸭汤,煜丰汴京烤鸭!仅售95元！价值100元的代金券1张，全场通用，可叠加使用。,无
巴奴毛肚火锅(商鼎路店),2702,￥138,重庆火锅,郑州东站,新西兰毛肚， 巴奴毛肚， 茴香小油条,巴奴毛肚火锅!【入会即享】红糖糍粑,有
永和铂爵国际酒店-威斯蒂娜西餐厅,6933,￥221,海鲜自助,郑东新区CBD,波士顿龙虾， 拿破仑酥， 液氮冰淇淋,永和铂爵国际酒店-威斯蒂娜西餐厅!【自助餐】儿童自助晚餐,无
窗外西餐厅(普罗理想国店),806,￥191,西餐,中牟县,野生菌浓汤， 烤澳洲谷饲大战斧牛排， 开餐面包Bun,窗外西餐厅!【踏青露营】家庭2-3人餐（限时售卖）,无
解家河南菜(瑞达路店),1337,￥75,豫菜,瑞达路沿线,南湾鱼一鱼两吃， 烙馍四宝拼， 大烩菜,解家河南菜!解家臻享8人餐,无
巴奴毛肚火锅概念餐厅,2530,￥138,重庆火锅,经三路沿线,经典毛肚， 茴香小油条， 野山菌汤,巴奴毛肚火锅!【入会即享】红糖糍粑,有
质子咖啡Cafe Proton,1013,￥46,咖啡,熙地港/王府井,dirty， 黛安娜咖啡， 拿铁,无,无
东田之村自助餐厅(金水路店),2241,￥229,海鲜自助,曼哈顿广场/英协路,豪华刺身拼盘， 法式鹅肝， 杏仁豆腐,东田之村自助餐厅!【东田严选】单人自助（进阶款）,无
PAULANER普拉那德国啤酒花园(千玺广场店),1647,￥114,西餐,郑东新区CBD,德国啤酒， 巴伐利亚特色肉肠拼盘（8p）， 德国猪肘子,PAULANER普拉那德国啤酒花园!仅售227元！价值372元的德式甄选双人餐。,无
蓉亭食贝(时光里店),3765,￥75,川菜馆,龙子湖校区,蓉派招牌毛血旺， 蓉派招牌豆花鱼， 蓉派鸡丝凉面,蓉亭食贝!乡巴佬茄子,无
阿庄新豫菜(南龙湖店),1271,￥83,豫菜,奥特莱斯/锦艺城,虾锅贴， 酥香嫩烤鸭， 红烧黄河大鲤鱼,阿庄新豫菜!仅售95元！价值100元的代金券1张，可叠加使用。,无
白石的烧肉酒场(海汇港店),5458,￥134,日式烧烤/烤肉,郑州东站,和牛雪花牛小排， 雪花肥牛寿喜烧， 和牛上脑,白石的烧肉酒场!仅售95元！价值100元的代金券1张，可叠加使用，可免费使用包间。,无
兮时东南亚X江西创意餐酒,566,￥85,创意菜,金水万达/蓝堡湾,老成都空运牛肉条， 蜜桃乌龙茶， 柚见茶香,兮时东南亚X江西创意餐酒!【特色专享】创意双人餐（工作日限时售卖）,无
蒋阿侨挞挞面(大上海店),3226,￥22,粉面馆,火车站/二七广场,香辣挞挞面， 野山菌挞挞面， 烧汁干拌牛肉挞面,蒋阿侨挞挞面!仅售59元！价值66元的豪华双人套餐。,无
粉·绿GREEN&PINK Cafe(政二街店),913,￥51,咖啡,金水路/省政府,提拉米苏， 椰香Dirty， 恰巴塔三明治,粉·绿GREEN&PINK Cafe!仅售388元！价值534元的【店庆】饮品/甜点/面包5-6人餐。,无
豆捞坊·鲜牛肉火锅(大卫城总店),6418,￥100,潮汕牛肉火锅,丹尼斯·大卫城,潮汕手打鲜牛肉丸， 鲜切吊龙， 招牌炸豆皮,豆捞坊·鲜牛肉火锅!【特色产品】香辣牛筋牛腩,无
安与沫法式甜品,741,￥44,甜品,郑东新区CBD,拿破仑， 手工马卡龙， 蒙布朗,安与沫法式甜品!巴斯克芝士,无
喜茶(郑州正弘城店),2515,￥22,茶饮果汁,正弘中心,多肉葡萄(首创)， 轻芝莓莓， 酷黑莓桑（首创）,喜茶!英红·芝士糯糯,无
葭荷粗粮小厨(百福街店),4074,￥50,豫菜,东建材,八宝烤南瓜， 招牌酱焖鱼， 烙馍四小样,葭荷粗粮小厨!【葭荷家宴】品味河南8人餐,无
小拙匠火锅(建业路店),2988,￥76,火锅,建业路/英协花园,手打虾滑， 牛油骨汤金汤， 招牌肥牛,小拙匠火锅!【围炉开涮】欢聚六人餐（可用包间）,无
希尔顿酒店-豫园中餐厅,2322,￥127,粤菜馆,曼哈顿广场/英协路,鲜虾饺， 杨枝甘露， 天鹅榴莲酥,希尔顿酒店-豫园中餐厅!【豫园踏春好“食”光】豫园中餐厅10人套餐,无
绽放bloom cafe(中原路店),717,￥43,咖啡,医学院,Dirty， 手冲单品咖啡， 澳白拿铁,无,无
禾珍珠家常小馆(马庄街店),3650,￥57,豫菜,郑东新区CBD,禾珍珠小锅米饭， 土豆炖牛腩， 红烧南湾鱼块,禾珍珠家常小馆!【禾珍珠】欢乐六人餐,无
5号公路美式石烧牛扒(惠济万达店),4155,￥107,牛排,惠济万达广场,传统意大利肉酱面， 德国香肠片配风味腌菜丝， 墨西哥香辣牛肉脆饼,5号公路美式石烧牛扒!【5号公路.惠济万达专享】超值牛排双人餐,无
睿时甜品蛋糕(政六街店),737,￥55,面包蛋糕,国贸360,宇宙航行—巧克力星球蛋糕， 怦然心动—钻石心水果慕斯， 不朽之花—巧克力玫瑰慕斯,睿时甜品蛋糕!仅售98元！价值128元的芒果斑斓血糯米1个，约4英寸，圆柱体。,无
鲍师傅糕点(国际友谊广场店),2272,￥33,面包蛋糕,火车站/二七广场,海苔肉松小贝， 蟹黄肉松小贝， 奶香提子酥,鲍师傅糕点!【每日现做】脆巧泡芙（4枚分享装）,无
卓妈跳跳小面(四月天小区店),681,￥23,面馆,陈砦,肥肠面， 杂酱面， 牛肉面,无,无
阿五黄河大鲤鱼(建业路店),3042,￥112,豫菜,建业路/英协花园,红烧黄河鲤鱼， 牛奶炒饭， 熬炒鸡,阿五黄河大鲤鱼!【好评必点】双人餐,无
拾岁火锅(普罗旺世店),4339,￥60,四川火锅,普罗旺世/庙李,番茄锅， 传统肥牛， 招牌番茄汤,拾岁火锅!【美味随心】2人餐,无
花雕醉鸡(巩义店),940,￥34,快餐简餐,体育馆,五年陈醉鸡， 高筋皮带面， 花雕醉鸡,花雕醉鸡!仅售149元！价值184元的花雕醉鸡，建议4-6人使用。,无
苏北胖哥龙虾(安康路店),1413,￥98,小龙虾,大商/升龙城,金汤蒜蓉小龙虾， 十三香麻辣龙虾， 十三香龙虾（小）,苏北胖哥龙虾!仅售138元！价值148元的虾路相逢·上头双人餐。,有
陈实在豆花鱼火锅(郑州总店),969,￥55,鱼火锅,长途客运总站,麻辣锅底， 榴莲面包， 黑鱼,陈实在豆花鱼火锅!仅售218元！价值383元的黑鱼4-5人餐。,无
鲜静南门涮肉(建国店),2744,￥80,老北京火锅,曼哈顿广场/英协路,鲜活鲍鱼， 南门传统鲜肉， 臻品肥牛,鲜静南门涮肉!仅售888元！价值1088元的【蛇来运转】纳福迎新涮肉6-8人餐，可免费使用包间。,无
巴奴毛肚火锅(金水东路店),1802,￥140,重庆火锅,郑东新区CBD,经典毛肚， 野山菌汤， 乌鸡卷,巴奴毛肚火锅!甄选牛肉|澳洲和牛加量20%（赠菜品）,有
原始泥炉烤肉(英协路店),3048,￥90,融合烤肉,曼哈顿广场/英协路,黑椒鲜牛里脊， 秘制牛肋条， 牡蛎肉,原始泥炉烤肉!仅售90元！价值100元的代金券1张，全场通用，单次消费最多可用1张，不可与其它代金券叠加使用。,无
炉小哥烤肉(正弘城店),4380,￥90,融合烤肉,正弘中心,澳洲雪花肥牛， 粒粒拉丝芝士炒饭， 黑毛猪五花,炉小哥烤肉!满足四人餐,有
长申海鲜(正弘城店),528,￥75,海鲜,正弘中心,鲍鱼， 帝王蟹， 大闸蟹,无,无
瓦库茶馆32号(盛华里店),1992,￥100,苏浙菜,经开区,普洱茶黑猪鲜排骨， 十六年经典菌皇砂锅煲， 岩茶红烧肉,瓦库茶馆32号!双人优享套餐,有
乐美上海菜(郑州建业艾美酒店),2196,￥109,江浙菜,建业路/英协花园,宫保焗虾球， 榴莲酥， 蒜蓉粉丝蒸扇贝,乐美上海菜!港式双皮奶,无
五世名厨豫菜馆(纬二路店),4631,￥103,豫菜,人民路/紫荆山,（非遗）大葱烧海参（大份）， 干煸翅中， 上汤虾仁鲜腐竹,五世名厨豫菜馆!【春日尝鲜】豫菜4人餐,有
巴奴毛肚火锅(曼哈顿店),1729,￥120,重庆火锅,曼哈顿广场/英协路,菌汤， 经典毛肚， 茴香小油条,巴奴毛肚火锅!仅售100元！价值100元的代金券1张，全场通用，可叠加使用。,有
ALLEARS 洗耳恭听(海滩街店),842,￥45,咖啡,大石桥/体育场,dirty， 126冷萃咖啡， 浓郁美式,无,无
上井·精致料理(正弘城店),3195,￥326,海鲜自助,正弘中心,奶酪蟹宝， 法式红酒鹅肝， 综合刺身,上井·精致料理!【仪式感十足】上井轻奢放题自助料理,无
九田家黑牛烤肉料理(营业到23点·天泽城店),4779,￥73,韩式烤肉,人民医院,照烧鸡腿饭， 黑牛牡蛎肉， 招牌超级五花肉,九田家黑牛烤肉料理!仅售88元！价值100元的代金券1张，除酒水小料炉火外全场通用，可叠加使用。,无
5号公路美式石烧牛扒(CBD店),4810,￥106,西餐,郑东新区CBD,招牌迷你汉堡， 传统意大利肉酱面， 手撕香草烤鸡,5号公路美式石烧牛扒!仅售12.8元！价值18元的【收藏打卡】专享焦糖布蕾1份。,无
月下料理(楷林IFC店),1549,￥780,日本料理,郑州东站,鹅肝手握， 三文鱼腩刺身， 越南黑虎虾沙拉,月下料理!月下定制双人套餐,无
太二酸菜鱼(正弘城店),2850,￥68,酸菜鱼/水煮鱼,正弘中心,老坛子酸菜鱼， 自助洛神花陈皮水， 没骨头鸡爪,太二酸菜鱼!招牌酸菜鱼双人餐,无
潮掌门鸭爪爪特色火锅(百年德化店),7399,￥53,火锅,火车站/二七广场,招牌鸭爪鸭翅锅， 开胃萝卜， 掌门全拼锅,潮掌门鸭爪爪特色火锅!仅售88元！价值268元的（新年钜惠）烧鸡公酸菜鱼无限自助火锅3-4人餐。,无
阿甘小馆(通泰路店),2080,￥70,苏浙菜,东建材,阿甘东坡肉， 热吻， 阿甘鲍鱼东坡肉,阿甘小馆!仅售47元！价值50元的代金券1张，全场通用，可叠加使用3张，可免费使用包间。,无
小赖毛龙虾川菜馆(农业南路店),761,￥116,小龙虾,汽车东站,小赖毛虾兵蟹将， 冰镇番茄， 炝毛豆角,无,无
金馆长烤肉(国贸360店),792,￥75,融合烤肉,国贸360,风干肠， 秘制牛肉， 口磨,金馆长烤肉!仅售289元！价值362元的超值品质四人餐。,无
很久以前羊肉串(农科路店),2823,￥85,烤串,经三路沿线,呼伦贝尔羊肉串， 面包片， 麻辣鸡翅,无,无
好彩猪肚鸡(正弘城店),5046,￥80,猪肚鸡火锅,正弘中心,招牌猪肚鸡， 茅根竹蔗水， 鲜竹升面,好彩猪肚鸡!仅售4.9元！价值10元的红豆双皮奶1份，可免费使用包间。,无
苏园餐饮·苏园(交通路店),1851,￥90,苏浙菜,郑铁体育中心,红烧肉， 金牌白丝鱼， 养生自制豆腐,苏园餐饮·苏园!仅售159元！价值200元的苏园招牌美味双人餐。,无
亭枫蟹料理(龙湖里店),574,￥322,日本料理,国家森林公园/北龙湖,帝王蟹锅， 蟹肉蒸蛋， 雪蟹火锅,亭枫蟹料理!【情人节】帝王蟹4.3斤-4.7斤,无
豆捞坊·鲜牛肉火锅(熙地港店),2744,￥104,潮汕牛肉火锅,熙地港/王府井,潮汕手打牛肉丸， 鲜切嫩肉， 吊龙,豆捞坊·鲜牛肉火锅!【特色产品】香辣牛筋牛腩,无
海底捞火锅(华润万象城店),4818,￥102,四川火锅,万象城,招牌虾滑， 捞派滑牛肉， 番茄三鲜锅,海底捞火锅!五荤四素甄选单人套餐,有
黛汀烘焙DAINTY BAKERY(翰林居店),990,￥37,面包蛋糕,宝龙城市广场/熙地港,拿破仑， 板栗芝士蛋挞， 大颗核桃拿破仑酥,黛汀烘焙DAINTY BAKERY!美味招牌布丁挞,无
杯出酸奶小食馆(炒酸奶棉纺路店),538,￥13,酸奶鲜奶,锦艺城/王府井,椰子脆脆， 抹茶奥利奥大法， 椰香脆脆,杯出酸奶小食馆!仅售12.9元！价值18.9元的椰香脆脆炒酸奶1份。,无
郑喜旺烧烤(新密总店),3065,￥73,烧烤烤串,新密市,微辣龙虾尾， 麦片紫薯， 羊肉串,郑喜旺烧烤!仅售92元！价值100元的代金券1张，除酒水，饮料外全场通用，可叠加使用5张。,无
豆捞坊·鲜牛肉火锅(二七万达店),2790,￥89,潮汕牛肉火锅,二七万达,手打牛肉丸， 吊龙， 嫩肉,豆捞坊·鲜牛肉火锅!欢乐双人餐,无
高丽烤肉尃门店(百福街店),655,￥82,韩式烤肉,东建材,南瓜粥， 石锅拌饭， 厚切黑猪五花,高丽烤肉尃门店!【品质甄选】超值双人餐,无
巴奴毛肚火锅(大卫城店),4943,￥126,重庆火锅,丹尼斯·大卫城,巴奴毛肚， 绣球菌， 厚切牛肉,巴奴毛肚火锅!【福利品】现炸小酥肉,有
遇见花儿音乐酒馆·花儿胡同(北环店),1111,￥79,川菜馆,普罗旺世/庙李,新柠檬酸菜鱼， 胡同烤鸡， 采姑娘的小蘑菇,无,无
星栖己书屋,404,￥50,咖啡,郑东新区CBD,向日葵， 知识方块， 梵高的早餐红茶,无,无
一心料理(绿城百合店),680,￥152,日本料理,熙地港/王府井,鹅肝寿司， 涮汁牛肉， 三文鱼刺身,一心料理!仅售999元！价值1118元的【高性价】日本菜5-6人餐，可免费使用包间。,无
海底捞火锅(璞丽中心店),4450,￥101,四川火锅,经三路沿线,招牌虾滑， 捞派豆花， 捞派滑嫩鸭血,海底捞火锅!仅售95元！价值100元的代金券1张，全场通用，可叠加使用。,有
天府火锅(商鼎店),2211,￥107,四川火锅,郑州东站,招牌菌汤锅， 内蒙古高钙羊肉， 自助调料小菜水果,天府火锅!仅售208元！价值286元的缤纷双人餐。,无
不七·谷神庭院料理,1641,￥270,日式自助,郑州东站,精品刺身拼盘， 铁板芝士大虾， 三文鱼刺身,不七·谷神庭院料理!品质轻奢单人自助【包间可用】,无
炉小哥烤肉(熙地港店),5562,￥89,融合烤肉,熙地港/王府井,粒粒拉丝芝士炒饭， 澳洲霜降肥牛， 西班牙猪五花（滋滋冒油）,炉小哥烤肉!欢乐小聚·小哥推荐双人餐,有
海底捞火锅(朗悦公园茂·生日主题店),6357,￥97,四川火锅,高新区,招牌虾滑， 捞派滑牛肉， 番茄锅底,海底捞火锅!仅售95元！价值100元的代金券1张，全场通用，可叠加使用。,有
炙道·和牛烧肉酒场(楷林店),1367,￥502,日式烧烤/烤肉,郑州东站,墨鱼肠， 极上雪花牛小排， 特极霜降和牛西冷,炙道·和牛烧肉酒场!仅售47.5元！价值50元的代金券1张，可叠加使用，可免费使用包间。,无
巴奴毛肚火锅(正弘城店),2451,￥126,重庆火锅,正弘中心,野山菌汤， 经典毛肚， 乌鸡卷,巴奴毛肚火锅!【入会即享】茉莉奶绿,有
马路边边串串香(太康路店),3085,￥70,串串香,西大街,串串， 冒牛肉， 冒脑花,马路边边串串香!仅售19.8元！价值58元的黄牛大叶毛肚1份。,无
黛汀烘焙DAINTY BAKERY(正弘汇店),782,￥40,甜品,科学大道,拿破仑酥， 德式布丁塔， 蛋挞,黛汀烘焙DAINTY BAKERY!仅售14.9元！价值24.9元的浓郁芝士脆3选1，建议单人使用，可免费使用包间。,无
海底捞火锅(中原万达广场店),5119,￥98,四川火锅,中原万达,招牌虾滑， 纯纯纯牛油锅， 番茄锅底,海底捞火锅!仅售95元！价值100元的代金券1张，全场通用，可叠加使用。,有
海底捞火锅(海汇港店),2682,￥103,四川火锅,郑州东站,番茄锅底， 招牌虾滑， 经典麻辣火锅,海底捞火锅!仅售95元！价值100元的代金券1张，全场通用，可叠加使用。,有
炉小哥烤肉(中原万达店),2171,￥87,融合烤肉,中原万达,澳洲雪花肥牛， 粒粒拉丝芝士炒饭， 西班牙猪五花（滋滋冒油）,炉小哥烤肉!满足四人餐,有
老吴喵馆·猫咖餐厅(建文店),2104,￥33,咖啡,建文新世界,芝士培根三明治， 芝士蛋糕， 橙汁冰美式,老吴喵馆·猫咖餐厅!【闲时】单人撸猫套餐,无
炉小哥烤肉(丹尼斯2天地店),1532,￥93,融合烤肉,郑东新区CBD,澳洲雪花肥牛， 粒粒拉丝芝士炒饭， 绿色田园卷,炉小哥烤肉!快乐双人餐,有
云海肴云南菜(建业凯旋广场店),2854,￥73,云南菜|滇菜,建业凯旋广场,原味汽锅鸡， 香茅草烤罗非鱼， 黑三剁,云海肴云南菜!仅售98元！价值100元的代金券1张，全场通用，可叠加使用。,无
清真·领头羊铜锅涮(三全路店),1685,￥85,老北京火锅,普罗旺世/庙李,羊上脑（大份）， 自助水果小料， 精品牛肉卷,清真·领头羊铜锅涮!【店长推荐】超值双人餐,无
海底捞火锅(新田360广场郑州国贸店),6497,￥106,四川火锅,国贸360,捞派滑牛肉， 招牌虾滑， 番茄锅底,海底捞火锅!仅售95元！价值100元的代金券1张，全场通用，可叠加使用。,有
海底捞火锅(大学路新象城店),2279,￥100,四川火锅,升龙广场,招牌虾滑， 捞派脆脆毛肚， 捞派豆花,海底捞火锅!仅售95元！价值100元的代金券1张，全场通用，可叠加使用。,有
海底捞火锅(名门店),3135,￥102,四川火锅,曼哈顿广场/英协路,招牌虾滑， 牛油番茄锅， 捞派滑牛肉,海底捞火锅!仅售95元！价值100元的代金券1张，全场通用，可叠加使用。,有
62º上清水产(大卫城店),647,￥72,日本料理,丹尼斯·大卫城,三文鱼刺身， 加州卷， 蒲烧鳗,62º上清水产!双人B套餐,无
额尔敦传统涮(七里河南路店),1189,￥97,火锅,郑州东站,大羊肉串， 草原烤包子， 秘制老酸奶,额尔敦传统涮!【额尔敦】经典双人餐,无
土房子怪味活鱼馆(未来路折扣店),5362,￥64,特色菜,富田太阳城,麻辣鱼， 黑鱼， 大盘鸡,土房子怪味活鱼馆!嗨皮生日豪华套餐6—8人（黑鱼超4.5斤需补足差价）,无
解家河南菜(名门广场店),2529,￥79,豫菜,曼哈顿广场/英协路,红焖大鱼头， 烙馍四宝拼， 梅干菜爆虾仁,解家河南菜!仅售79元！价值100元的代金券1张，可叠加使用2张。,无
祖母的厨房·黄油熟成牛排坊(大卫城店),3196,￥125,西餐,丹尼斯·大卫城,餐前面包， 罗宋汤， 祖母脆皮薯角,祖母的厨房·黄油熟成牛排坊!黄油熟成西冷牛排套餐,有
炉小哥烤肉(正弘城店),4380,￥90,融合烤肉,正弘中心,澳洲雪花肥牛， 粒粒拉丝芝士炒饭， 黑毛猪五花,炉小哥烤肉!满足四人餐,有
长申海鲜(正弘城店),528,￥75,海鲜,正弘中心,鲍鱼， 帝王蟹， 大闸蟹,无,无
瓦库茶馆32号(盛华里店),1992,￥100,苏浙菜,经开区,普洱茶黑猪鲜排骨， 十六年经典菌皇砂锅煲， 岩茶红烧肉,瓦库茶馆32号!双人优享套餐,有
乐美上海菜(郑州建业艾美酒店),2196,￥109,江浙菜,建业路/英协花园,宫保焗虾球， 榴莲酥， 蒜蓉粉丝蒸扇贝,乐美上海菜!港式双皮奶,无
五世名厨豫菜馆(纬二路店),4631,￥103,豫菜,人民路/紫荆山,（非遗）大葱烧海参（大份）， 干煸翅中， 上汤虾仁鲜腐竹,五世名厨豫菜馆!【春日尝鲜】豫菜4人餐,有
巴奴毛肚火锅(曼哈顿店),1729,￥120,重庆火锅,曼哈顿广场/英协路,菌汤， 经典毛肚， 茴香小油条,巴奴毛肚火锅!仅售100元！价值100元的代金券1张，全场通用，可叠加使用。,有
ALLEARS 洗耳恭听(海滩街店),842,￥45,咖啡,大石桥/体育场,dirty， 126冷萃咖啡， 浓郁美式,无,无
上井·精致料理(正弘城店),3195,￥326,海鲜自助,正弘中心,奶酪蟹宝， 法式红酒鹅肝， 综合刺身,上井·精致料理!【仪式感十足】上井轻奢放题自助料理,无
九田家黑牛烤肉料理(营业到23点·天泽城店),4779,￥73,韩式烤肉,人民医院,照烧鸡腿饭， 黑牛牡蛎肉， 招牌超级五花肉,九田家黑牛烤肉料理!仅售88元！价值100元的代金券1张，除酒水小料炉火外全场通用，可叠加使用。,无
5号公路美式石烧牛扒(CBD店),4810,￥106,西餐,郑东新区CBD,招牌迷你汉堡， 传统意大利肉酱面， 手撕香草烤鸡,5号公路美式石烧牛扒!仅售12.8元！价值18元的【收藏打卡】专享焦糖布蕾1份。,无
月下料理(楷林IFC店),1549,￥780,日本料理,郑州东站,鹅肝手握， 三文鱼腩刺身， 越南黑虎虾沙拉,月下料理!月下定制双人套餐,无
太二酸菜鱼(正弘城店),2850,￥68,酸菜鱼/水煮鱼,正弘中心,老坛子酸菜鱼， 自助洛神花陈皮水， 没骨头鸡爪,太二酸菜鱼!招牌酸菜鱼双人餐,无
潮掌门鸭爪爪特色火锅(百年德化店),7399,￥53,火锅,火车站/二七广场,招牌鸭爪鸭翅锅， 开胃萝卜， 掌门全拼锅,潮掌门鸭爪爪特色火锅!仅售88元！价值268元的（新年钜惠）烧鸡公酸菜鱼无限自助火锅3-4人餐。,无
阿甘小馆(通泰路店),2080,￥70,苏浙菜,东建材,阿甘东坡肉， 热吻， 阿甘鲍鱼东坡肉,阿甘小馆!仅售47元！价值50元的代金券1张，全场通用，可叠加使用3张，可免费使用包间。,无
小赖毛龙虾川菜馆(农业南路店),761,￥116,小龙虾,汽车东站,小赖毛虾兵蟹将， 冰镇番茄， 炝毛豆角,无,无
三代目·中屋·串烧酒埸,640,￥95,日本料理,郑州东站,烧鸟， 梅渍西红柿， 焗蟹煲,三代目·中屋·串烧酒埸!仅售558元！价值704元的品质4人餐，可免费使用包间。,无
韩风源烧烤涮自助餐厅(南一环店·二店),9708,￥59,烤肉自助,登封一中/国际商贸城,五花肉， 韩风源秘制蘸料不限量， 绿色果蔬不限量,韩风源烧烤涮自助餐厅!特惠单人学生自助餐,无
半亩江南,471,￥71,衢州菜,郑州东站,糖醋里脊， 衢州小炒鸡， 小炒野山笋,半亩江南!半田雅韵【温馨家聚】4人餐,无
阿五黄河大鲤鱼(海尚店),2274,￥99,豫菜,东风路,红烧黄河鲤鱼， 牛奶炒饭， 汴京烤鸭（半只）,阿五黄河大鲤鱼!【不时不食】10人餐,无
芸河薈云南菜(原盛店),1360,￥84,云南菜|滇菜,郑州东站,小锅米线， 天麻汽锅鸡锅， 香茅草烤鱼,芸河薈云南菜!七彩云南4-6人餐,无
解家河南菜(华山路店),5292,￥91,豫菜,中原万达,大烩菜， 灌汤脆皮鸭， 洛馍四宝饼,解家河南菜!仅售79元！价值100元的代金券1张，可叠加使用2张。,无
郑喜旺烧烤(龙湖店),4427,￥59,烤串,工程学院/万佳,招牌秘制虾尾， 秘制羊肉串， 麦片紫薯,郑喜旺烧烤!【闺蜜聚】2人餐,无
巴奴毛肚火锅(国贸360店),3650,￥125,重庆火锅,国贸360,经典毛肚， 茴香小油条， 野山菌汤骨汤牛油辣三味锅,巴奴毛肚火锅!高人气双人餐,有
阿妍小馆私房菜(天下城店),3950,￥71,私房菜,健康路/零零茂,八宝烤南瓜， 18秒生炒黄牛肉， 手工鸡蛋饼,阿妍小馆私房菜!仅售48元！价值50元的代金券1张，除酒水饮料外全场通用，可叠加使用。,有
炉小哥烤肉(瀚海海尚店),1703,￥90,融合烤肉,东风路,薄切精品肥牛， 粒粒拉丝芝士炒饭， 西班牙猪五花（滋滋冒油）,炉小哥烤肉!仅售95元！价值100元的代金券1张，全场通用，可叠加使用。,无
祖母的厨房·黄油熟成牛排(熙地港购物中心店),2297,￥131,西餐,熙地港/王府井,墨西哥牛肉奶酪饼， 烤土豆皮， 餐前面包,祖母的厨房·黄油熟成牛排坊!黄油熟成西冷牛排套餐,有
解家河南菜(连云路店),3445,￥78,豫菜,橄榄城,烙馍四宝拼， 麦片铁棍山药， 洛阳酸汤脆丸子,解家河南菜!【沸腾】8人餐6热6凉2主食,无
炉小哥烤肉(锦艺城购物C区店),5259,￥82,融合烤肉,锦艺城/王府井,粒粒拉丝芝士炒饭， 西班牙猪五花（滋滋冒油）， 澳洲雪花肥牛,炉小哥烤肉!烤菠萝,无
洛阳面馆(红专路店),2401,￥33,豫菜,经三路沿线,糊涂面， 焦炸丸子， 炸酱面,洛阳面馆!仅售48元！价值50元的代金券1张，可叠加使用，可免费使用包间。,无
龙隐料理(天泽街店),541,￥126,日本料理,郑东新区CBD,龙隐卷， 牛肉寿喜锅， 三文鱼刺身,龙隐料理!3-4人马粪海胆（特价）,无
围炉铜瓢牛肉(桐柏路店),860,￥82,云南火锅,嘉锦酒店,围炉铜瓢牛肉， 招牌牛肉， 招牌汤底,围炉铜瓢牛肉!仅售108元！最高价值157元的围炉2-3人餐，提供免费WiFi，提供免费停车位。,无
溢香苑瓦罐(正弘店),2060,￥37,家常菜,正弘中心,香酥饼， 纯廋酥肉瓦罐， 酥肉拼莲夹,溢香苑瓦罐!仅售47.5元！价值50元的代金券1张，全场通用，可叠加使用，可免费使用包间。,无
爸爸糖吐司面包(郑州正弘城店),1324,￥29,面包蛋糕,正弘中心,招牌原味吐司， 巧克力吐司， 招牌肉松吐司,爸爸糖吐司面包!【春游分享装】交个朋友吐司3选2,无
西贝(大卫城店),7557,￥86,西北民间菜,丹尼斯·大卫城,西贝面筋， 黄米凉糕， 西红柿浇汁莜面,西贝!西贝亲子食育课堂体验券,有
大叔韩味馆(鑫苑现代城店),671,￥75,韩式小吃,郑铁体育中心,烤五花肉， 烤麻布鱼， 辣牛肉汤,无,无
喜茶(郑州丹尼斯大卫城店),1070,￥20,茶饮果汁,火车站/二七广场,多肉葡萄(首创)， 轻芝莓莓， 芝芝芒芒（首创）,喜茶!清爽芭乐系列2选1,无
白石的深夜食堂(中原万达店),6826,￥77,日本料理,中原万达,鳗鱼饭， 芝士芒果虾， 鹅肝手握,白石的深夜食堂!微醺多人餐,无
苏园餐饮·苏园(二七万达店),4142,￥75,苏浙菜,二七万达,红烧肉， 苏式三杯鸡， 苏园桂花藕,苏园餐饮·苏园!仅售159元！价值200元的苏园招牌美味双人餐。,无
帖老大羊肉汤烩面烧烤(康复后街总店),4030,￥36,烤串,火车站/二七广场,羊肉汤， 鲜汤烩面， 羊肉串,帖老大羊肉汤烩面烧烤!鲜汤烩面+5羊肉串（下午五点半后可用）,无
好彩猪肚鸡(瀚海海尚店),2253,￥63,粤菜馆,东风路,猪肚鸡汤， 茅根马蹄竹蔗水， 腊味煲仔饭,好彩猪肚鸡!【春日好彩头】经典4人餐,无
鱼养道·重庆鱼火锅(新华路店),3162,￥68,鱼火锅,新郑金苑小区,香辣大虾， 鱿鱼须， 冰淇淋,虾湖鱿香辣虾!【春游踏青-可团配】鱼类3-4人餐,无
隹木咖啡馆(宝龙广场店),319,￥47,咖啡,宝龙城市广场/熙地港,咖啡， 面包， 咸蛋超人,无,无
奶尤·CAKE,200,￥32,面包蛋糕,正弘中心,动物奶油蛋糕， 双层复古， 永远的爱情侣蛋糕,奶尤·CAKE!仅售9.9元！价值20元的蜡烛帽子眼镜1个，约1套，圆形。,无
本草食库药膳馆(福元路店),117,￥323,特色菜,曼哈顿广场/英协路,黑松露焗大明虾， 人参蘸玫瑰酱， 紫苏叶香煎黄鱼,本草食库药膳馆!仅售90元！价值100元的代金券1张，全场通用，可叠加使用。,无
海底捞火锅(天旺店),3733,￥99,四川火锅,东风路,招牌虾滑， 捞派滑牛肉， 捞派脆脆毛肚,海底捞火锅!仅售95元！价值100元的代金券1张，全场通用，可叠加使用。,有
锦珍锦·生蕨专门店(南阳路店),808,￥76,粤菜馆,东风路,生蕨清远鸡， 腊味煲仔饭， 佛跳墙,锦珍锦顺德开煲!仅售399元！价值690元的锦珍锦|万食胜意4人餐。,有
鲁班张葱烧海参(绿地新都会店),308,￥360,豫菜,郑州东站,葱烧海参， 海胆八宝豆腐， 鲁班张葱烧密刺参王,鲁班张葱烧海参!【迎春节】宴请10人餐,无
解家河南菜(未来路店),1945,￥81,豫菜,郑东新区CBD,红焖大鱼头， 灌汤脆皮鸭， 烙馍四宝拼,解家河南菜!小吊梨汤,无
海底捞火锅(锦艺城店),6495,￥95,四川火锅,锦艺城/王府井,招牌虾滑， 捞派滑牛肉， 捞派脆脆毛肚,海底捞火锅!仅售95元！价值100元的代金券1张，全场通用，可叠加使用。,有
阿生哥螺蛳粉(永安街店),1415,￥20,快餐简餐,火车站/二七广场,螺肉螺蛳粉， 腐竹， 酸笋,阿生哥螺蛳粉!【热销】0糖气泡水,无
坛主酸菜鱼(锦艺城店),1404,￥61,酸菜鱼/水煮鱼,锦艺城/王府井,古法酸菜鱼， 洛神花陈皮， 鸡丝荞麦面,坛主酸菜鱼!128超值套餐（2人用）,无
炉小哥烤肉(惠济万达店),3983,￥80,融合烤肉,惠济万达广场,薄切精品肥牛， 粒粒拉丝芝士炒饭， 生菜加肉,炉小哥烤肉!欢乐小聚·小哥推荐双人餐,无
张福记(交通路店),1036,￥98,浙菜,长城康桥华城,蒜香排骨， 生煎包， 东坡肉,张福记!【必 吃】双人套餐,有
虾互联小龙虾·虾尾·烧烤,702,￥90,小龙虾,锦艺城/王府井,金汤蒜香小龙虾， 全味油焖小龙虾， 经典麻辣小龙虾,虾互联小龙虾·虾尾·烧烤!仅售49元！价值100元的代金券1张，单次消费最多可用3张，不可与其它代金券叠加使用。,无
豆捞坊·鲜牛肉火锅(正弘城店),3616,￥101,潮汕牛肉火锅,正弘中心,鲜切嫩肉， 吊龙， 手打牛肉丸,豆捞坊·鲜牛肉火锅!【工作日专享】招牌双人餐,无
太二酸菜鱼(丹尼斯大卫城店),1376,￥68,酸菜鱼/水煮鱼,火车站/二七广场,老坛子酸菜鱼， 自助洛神花陈皮茶， 脆椒小皮蛋,太二酸菜鱼!酸爽家庭3人餐,无
解家河南菜(北环路店),2977,￥79,豫菜,普罗旺世/庙李,野生南湾鱼一鱼两吃， 麦片铁棍山药， 鱼头红焖+鱼丸清炖,解家河南菜!【欢聚】4人餐4热2凉1主食,无
LanTa蓝塔烘焙(郑百店),1649,￥27,面包蛋糕,大上海城,半熟芝士， 手撕面包， 蛋挞,LanTa蓝塔烘焙!专属定制款蛋糕,无
老胖烧烤,1079,￥63,烧烤烤串,大石桥/体育场,炸饼， 蒜香花甲， 青椒,无,无
地盘薄比萨·厚汉堡(花园路万达坊店),1320,￥54,比萨,建业凯旋广场,超级至尊比萨， 泰国金枕榴莲， 金枪鱼沙拉,地盘薄比萨·厚汉堡!【地盘】超值西冷牛排次卡,无
有点湘辣椒炒肉(康平路店),1301,￥49,湘菜,汽车东站,辣椒炒肉， 皮蛋青椒擂茄子， 小锅五常鲜米饭,有点湘辣椒炒肉!仅售95元！价值100元的代金券1张，可叠加使用，可免费使用包间。,无
豆捞坊·鲜牛肉火锅(国贸360广场店),1986,￥94,潮汕牛肉火锅,国贸360,嫩肉， 潮汕手打牛肉丸， 招牌炸豆皮,豆捞坊·鲜牛肉火锅!常乐四人餐,无
诺意格披萨·披萨大叔(丰产路店),376,￥46,比萨,国贸360,黄金土豆， 丝滑红薯泥卷边， 菠萝甜虾披萨,诺意格披萨·披萨大叔!【节假优惠】9英寸肉香四溢（无卷边）,无
清真大红牛羊肉老店,336,￥93,牛羊肉火锅,西大街,大片羊肉， 牛肉卷， 牛肚,无,无
渔珺石锅鱼(天泽街店),4052,￥83,鱼火锅,宝龙城市广场/熙地港,渔珺原汤石锅鱼， 千叶豆腐， 自助小料,渔珺石锅鱼!仅售10.8元！价值16元的农家大饼蘸酱【可与团购同享】，建议2人使用，可免费使用包间。,无
食欲老院子荆芥疙瘩汤(经五路店),1900,￥76,豫菜,国贸360,老院子扒皮鱼， 荆芥疙瘩汤， 酸汤焦烧丸,食欲老院子河南民间菜!仅售238元！价值310元的【风味人间】甄选4人餐。,无
OPEN OVEN(万象城店),1969,￥31,面包蛋糕,万象城,榴莲芝士面包， 提子乳酪， 巧克力甜甜圈,OPEN OVEN!仅售86元！价值100元的代金券1张，全场通用，可叠加使用。,无
满天星肉丝带底(康宁街店),1416,￥86,豫菜,郑州东站,满天星肉丝带底， 炸八块， 烤鸭,满天星肉丝带底!仅售298元！价值510.9元的河南味道欢聚6人套餐。,无
鮨涵料理,511,￥146,日本料理,郑东新区CBD,三文鱼花之恋， 三文鱼腩， 特色卷,鮨涵料理!仅售95元！价值100元的代金券1张，除酒水饮料外全场通用，可叠加使用2张。,无
杨记拉面总店,1048,￥33,粉面馆,金水路/省政府,拉面， 凉菜， 烤羊肉串,无,无
刘家西辣羊肉馆,471,￥62,豫菜,升龙广场,西辣羊肉， 刘家扒皮鱼， 干煸莲菜,刘家西辣羊肉馆!仅售109元！价值136元的【老味道】❤️超值4人餐。,无
海底捞火锅(丹尼斯三天地店),2380,￥95,四川火锅,郑东新区CBD,招牌虾滑， 捞派脆脆毛肚， 捞派滑牛肉,海底捞火锅!仅售95元！价值100元的代金券1张，全场通用，可叠加使用。,有
泮金大塘虾饺专门店(朗悦公园茂店),982,￥79,粤菜馆,工大新校区,招牌虾饺皇大笼， 豉汁蒸凤爪， 飘香榴莲酥,泮金大塘虾饺专门店!【4店通用2-3人餐】精选套餐,无
百鲜煎包·牛肉面,422,￥16,面馆,省电视台,布袋鸡蛋， 羊脑肚丝汤， 牛肉胡辣汤,无,无
溢香苑瓦罐(前进路店),3098,￥33,家常菜,中原万达,千层烧饼， 瓦罐酥肉， 莲夹瓦罐,溢香苑瓦罐!仅售47.5元！价值50元的代金券1张，全场通用，可叠加使用，可免费使用包间。,无
郑州希尔顿酒店-八元素自助餐厅(郑州店),5893,￥168,自助餐,曼哈顿广场/英协路,海鲜， 甜点， 意式提拉米苏,郑州希尔顿酒店-八元素自助餐厅!仅售99元！价值168元的元气早餐（买一赠一）。,无
银杏树海鲜餐厅(金水路店),1026,￥93,海鲜,人民路/紫荆山,初恋麻辣小蟹钳， 知味茄子， 野生大黄鱼,银杏树海鲜餐厅!仅售95元！价值100元的代金券1张，可叠加使用5张。,无
浅夏烘焙(郑州店),867,￥44,面包蛋糕,健康路/零零茂,奥利奥咸奶油， 奥利奥， 五英寸牛乳蛋糕,浅夏烘焙!仅售68元！价值118元的四英寸生椰拿铁蛋糕1个，约4英寸，圆形。,无
菜菜子·居酒屋(农科路店),824,￥103,日本料理,正弘中心,三文鱼刺身， 炸虾天妇罗， 鹅肝火焰寿司,菜菜子·居酒屋!仅售1元！价值2元的代金券1张，除酒水饮料外全场通用，仅限使用1张。,无
珍毓糖水铺(总店),983,￥20,甜品,鑫苑鑫都汇,鲜奶红豆麻薯， 冰淇淋香草大泡芙， 暴富漏奶华,珍毓糖水铺!仅售4.8元！价值10元的冰淇淋泡芙1个。,无
特味村福园,2745,￥60,豫菜,福都生活广场,熬炒将军千日老鹅， 泥炉麻辣羊蝎子， 柴鸡焖甲鱼,朴园水之席!仅售94元！价值100元的代金券1张，全场通用，可叠加使用，可免费使用包间。,无
PHO HOUSE粉店,802,￥64,越南菜,熙地港/王府井,越南牛肉汤粉， 越南鲜虾卷， 鸡肉檬粉,PHO HOUSE粉店!仅售72元！价值90元的【专享】越南菜单人餐。,无
一期一会日式料理(中原万达店),622,￥92,日本料理,中原万达,三文鱼， 一期一会特色卷， 花之恋,一期一会日式料理!吉娜朵生蚝,无
海底捞火锅(万达坊店),2719,￥102,四川火锅,正弘中心,招牌虾滑， 番茄汤加牛肉粒， 番茄锅底,海底捞火锅!仅售95元！价值100元的代金券1张，全场通用，可叠加使用。,有
小螺号海鲜·地道鲁菜(楷林国际店),3172,￥112,海鲜,曼哈顿广场/英协路,海肠捞饭， 八仙汤， 鲅鱼水饺,小螺号海鲜·地道鲁菜!仅售898元！价值1556元的【尝鲜价】海鲜4人餐，可免费使用包间。,有
泰象林茶餐厅(东风路店),2419,￥91,泰国菜,农科路酒吧街,咖喱巴沙鱼， 冬阴功汤， 香草叶包鸡,泰象林茶餐厅!俩人世界双人餐,无
大秦地(民生路店),1165,￥75,西北民间菜,东建材,葫芦鸡， 大肉夹馍， 凉皮,大秦地!【老陕忒色】西北菜双人餐,无
爱芳爱德酒家政二街店,1482,￥63,家常菜,人民路/紫荆山,扒皮鱼， 辣子鸡丁， 烧大肠,无,无
瓦舍茶馆(淮南街店),1194,￥85,茶餐厅,升龙广场,福鼎老白茶， 铁板凉粉， 干炸带鱼,瓦舍茶馆!【品质好礼】同庆号·绿印熟普,无
嘉谷蛋糕匠心烘焙手工制作(农科路总店),460,￥131,面包蛋糕,经三路沿线,数字红丝绒网红蛋糕， 水果蛋糕水冰月， 新版许愿池蛋糕,嘉谷蛋糕手作高端定制!鲜花生日蛋糕动物奶油新鲜水果夹层新鲜制作5选一,无
芊浔家蛋糕美学(中原万达店),538,￥185,面包蛋糕,中原万达,至尊榴莲芝士， 网红蛋糕， 梦龙派,芊浔家蛋糕美学!仅售168元！价值218元的盲盒蛋糕六寸1个，约6寸，圆形。,无
地盘薄比萨·厚汉堡(永威木色购物公园店),1393,￥55,比萨,郑东新区CBD,泰国金枕榴莲比萨， 双拼披萨， 金枪鱼沙拉,地盘薄比萨·厚汉堡!仅售89元！价值100元的代金券1张，全场通用，可叠加使用2张。,无
海底捞火锅(富田·新天地生日主题店),3140,￥92,四川火锅,富田太阳城,招牌虾滑， 捞派滑牛肉， 番茄锅底,海底捞火锅!仅售95元！价值100元的代金券1张，全场通用，可叠加使用。,有
极拉图·现制冰淇淋(大卫城店),2654,￥16,冰淇淋,丹尼斯·大卫城,招牌咸蛋黄， 希腊酸奶茉莉花， 牛油果抹茶,极拉图·现制冰淇淋!【经典必喝】春日尝鲜-极拉图的大橙子,无
天堂鸟水煮鱼·品质川菜(索凌路店),993,￥61,酸菜鱼/水煮鱼,普罗旺世/庙李,招牌水煮鱼， 泰汁脆皮茄子， 馋嘴牛蛙,天堂鸟水煮鱼·品质川菜!仅售92元！价值100元的代金券1张，可叠加使用，可免费使用包间。,无
裕丰源(众意西路店),1311,￥82,豫菜,郑东新区CBD,羊肉滋补烩面， 羊肉串， 黄河野生大鲤鱼,裕丰源!仅售95元！价值100元的代金券1张，全场通用，单次消费最多可用5张，不可与其它代金券叠加使用，可免费使用包间。,无
豆捞坊·鲜牛肉火锅(绿地新都会店),2562,￥103,潮汕牛肉火锅,郑州东站,嫩肉， 吊龙， 手打牛肉丸,豆捞坊·鲜牛肉火锅!【外带专享】潮汕手打牛肉丸3斤礼盒装,无
袁记云饺(黄河路店),532,￥22,饺子,建文新世界,,袁记云饺!【生鲜】韭菜&芹菜鲜肉饺子双拼20颗｜双人餐-XB,无
三江汇火锅店,2601,￥81,重庆火锅,郑铁体育中心,鸳鸯锅底， 麻辣牛肉， 蒜蓉香油碟,三江汇火锅店!【店长推荐】三江汇超值火锅双人餐,无
茶百道(二七万达店),816,￥15,茶饮果汁,二七万达,杨枝甘露， 豆乳玉麒麟， 桂花酒酿,茶百道!茉莉奶绿(大杯),无
大秦地(纬四路店),905,￥56,西北民间菜,金水路/省政府,大肉夹馍， 油泼bangbang面， 葫芦鸡,大秦地!优享焦糖豆花,无
李军力烧烤(中原万达店),2752,￥55,烤串,中原万达,焖烤羊肉串， 黄瓜拌油条， 疙瘩汤,李军力烧烤!2025❤铁板凉粉,无
满米酸奶(郑州二七万达金街店),3482,￥19,酸奶鲜奶,二七万达,紫米酸奶， 黑五谷纯酸奶， 藻蓝酸奶水果捞,满米酸奶!【家庭套餐】超满足酸奶水果捞杯 3次卡,无
鲍师傅糕点(正弘城店),2040,￥30,面包蛋糕,正弘中心,海苔肉松小贝， 奶香提子酥， 蟹黄风味酥松小贝,鲍师傅糕点!芋泥雪芙｜芋中贵族“荔浦芋”,无
地盘薄比萨·厚汉堡(熙地港店),2657,￥62,比萨,熙地港/王府井,地盘榴莲披萨， 金枕榴莲比萨， 奥尔良烤翅,地盘薄比萨·厚汉堡!M3双拼比萨2-3人餐,无
好彩猪肚鸡(公园茂店),1543,￥75,粤菜馆,工大新校区,猪肚鸡汤， 茅根马蹄水， 腊味煲仔饭,好彩猪肚鸡!【好彩】欢聚四人餐,无
炉小哥烤肉(信万广场店),1748,￥89,融合烤肉,普罗旺世/庙李,美国薄切肥牛， 粒粒拉丝芝士炒饭， 绿色田园卷,炉小哥烤肉!仅售19.9元！价值50元的代金券1张，全场通用，仅限使用1张。,有
巴奴毛肚火锅(商城路店),1771,￥133,重庆火锅,康桥商务广场,野山菌汤， 经典毛肚， 鲜切羊肉,巴奴毛肚火锅!欢聚四人餐送73元菜品,有
禾珍珠豫菜小馆(信万广场店),887,￥52,豫菜,陈砦,禾珍珠小锅米饭， 土豆炖牛腩， 鲜椒鸡,禾珍珠家常小馆!仅售95元！价值100元的代金券1张，除烟，酒水外全场通用，可叠加使用。,无
郑州建业艾美酒店·新食谱标帜西餐厅,2910,￥159,自助餐,建业路/英协花园,三文鱼刺身， 草莓慕斯，酸奶， 海鲜,郑州建业艾美酒店·新食谱标帜西餐厅!周末一大一小自助午晚餐,无
巴奴毛肚火锅(中原万达店),3433,￥119,重庆火锅,中原万达,经典毛肚， 野山菌汤， 茴香小油条,巴奴毛肚火锅!高人气双人餐,有
震浩特色大盘鸡(大禹城城店),456,￥32,新疆菜,百货大楼/中天广场,手工拉面， 震浩特色大盘鸡， 鸡腿大盘鸡,震浩特色大盘鸡!仅售21.8元！价值36元的马蹄爆珠椰椰2杯。,无
炉小哥烤肉(二七万达店),3880,￥93,融合烤肉,二七万达,薄切精品肥牛， 粒粒拉丝芝士炒饭， 美国薄切肥牛,炉小哥烤肉!鲜力出圈·小哥推荐双人餐,有
小背篓菌汤火锅(商务外环店),3484,￥106,菌菇火锅,郑东新区CBD,清香猴头菇， 滑糯金耳， 菌菇拼盘,小背篓菌汤火锅!仅售90元！价值100元的代金券1张，全场通用，可叠加使用，可免费使用包间。,无
Tims天好咖啡(正弘城捷枫店),1356,￥28,咖啡,正弘中心,现磨现煮咖啡-标准杯， 鲜萃咖啡， 彩虹甜甜圈,Tims天好咖啡!双人欢聚分享套餐,无
拾岁火锅(未来路店),6393,￥60,火锅,曼哈顿广场/英协路,招牌番茄汤， 拾岁招牌原切肥牛， 拾岁招牌羊肉,拾岁火锅!【美味随心】2人餐,无
西关味(大卫城店),6895,￥48,茶餐厅,丹尼斯·大卫城,金汤鲜虾云吞面， 玫瑰豉油鸡， 鲜虾滑肠粉,西关味!仅售47.5元！价值50元的代金券1张，全场通用，可叠加使用。,无
李军力烧烤(丰庆路店),3374,￥66,烤串,财院/轻工业学院,焖烤羊肉大串， 黄瓜拌油条， 疙瘩汤,李军力烧烤!2025❤尝鲜双人餐,无
喜虾客·大虾火锅(郑州无限城店),21525,￥46,虾蟹火锅,火车站/二七广场,招牌大虾， 手工面， 虾滑,喜虾客·大虾火锅!吃过瘾另加半斤虾（多店通用）,无
旮旯小院,268,￥94,泰式火锅,月季公园,咖喱锅， 麻辣小牛肉， 冻杨梅,旮旯小院!仅售89.9元！价值100元的代金券1张，除烧烤类，酒水饮料外全场通用，可叠加使用2张。,无
炉小哥烤肉(丹尼斯航海路店),1462,￥80,融合烤肉,经开区,薄切精品肥牛， 粒粒拉丝芝士炒饭， 绿色田园卷,炉小哥烤肉!嗨吃双人餐,无
巴奴毛肚火锅(龙湖锦艺城店),3790,￥125,重庆火锅,奥特莱斯/锦艺城,野山菌汤， 茴香小油条， 雪花牛肉,巴奴毛肚火锅!仅售100元！价值100元的代金券1张，全场通用，可叠加使用。,有
彼酷哩活鱼现烤(CityOn熙地港店),4881,￥73,烤鱼,宝龙城市广场/熙地港,豆花烤鱼， 梭边鱼， 螺蛳粉,彼酷哩活鱼现烤!【甄选】烤鱼4-5人餐,无
严厨金汤酸菜鱼•瓦罐汤(陇海中路店),3852,￥60,小吃快餐,鑫苑鑫都汇,酸菜鱼， 特色招牌金汤锅， 严厨秘制酸菜,严厨金汤酸菜鱼•瓦罐汤!【特色白汤】瓦罐4选1双人餐,无
久如香 小龙虾·羊蝎子(九如路店),4091,￥100,小龙虾,郑东新区CBD,麻辣小龙虾， 十三香小龙虾， 黄瓜拌油条,久如香 小龙虾·羊蝎子!【品质甄选】新疆手抓饭套餐,无
池奈·日式咖喱蛋包饭(郑州熙地港店),1086,￥43,日本料理,熙地港/王府井,日式炸鸡块， 日式海苔饭， 板煎大虾沙拉,池奈·日式咖喱蛋包饭!池奈工作日双人餐,无
猫和宫撸猫馆·猫咖(无限城店),324,￥42,咖啡,火车站/二七广场,肉丸， 蜜桃乌龙， 毛豆,猫和宫撸猫馆·猫咖!仅售3.8元！价值18元的特惠单人餐。,无
上井·精致料理(大卫城店),5955,￥338,自助餐,丹尼斯·大卫城,奶酪蟹宝， 综合刺身， 法式红酒鹅肝,上井·精致料理!【仪式感十足】上井轻奢放题自助料理,无
百年好和·家厨房,342,￥70,豫菜,郑州东站,铁板炒凉粉， 大葱烧羊肉， 干炸带鱼,百年好和·家厨房!仅售50元！价值100元的代金券1张，除酒水，茶水，湿巾外全场通用，仅限使用1张。,无
海底捞火锅(新世界百货生日主题店),3277,￥100,四川火锅,新世界百货,捞派肥牛， 新西兰羔羊羊排卷， 内蒙特色沙葱羊肉卷,海底捞火锅!仅售95元！价值100元的代金券1张，全场通用，可叠加使用。,有
泰诚行泰式融合餐厅(任寨北街店),678,￥88,泰国菜,建文新世界,冬阴功， 芒果糯米饭， 泰式炒空心菜,泰诚行泰式融合餐厅!仅售39.9元！价值81元的【优享】泰诚行午市工作餐单人餐。,无
云晓仙腊味汤煲(公园里店),1526,￥67,腊排骨火锅,科学大道,晓仙女腊排骨火锅， 青椒蘸料碟， 八宝茶,云晓仙腊味汤煲!仅售68元！价值100元的代金券1张，全场通用，单次消费最多可用2张，不可与其它代金券叠加使用。,有
巴奴毛肚火锅(公园茂店),1804,￥123,重庆火锅,工大新校区,经典毛肚， 茴香小油条， 虾滑,巴奴毛肚火锅!仅售100元！价值100元的代金券1张，全场通用，可叠加使用。,有
谷雨春红烧鲤鱼(紫荆山店),3554,￥81,豫菜,人民路/紫荆山,谷雨春红烧鲤鱼， 黄河鲤鱼， 老汤烩面,谷雨春红烧鲤鱼!收藏打卡＋0.1送可乐/雪碧,无
LanTa蓝塔烘焙(曼哈顿店),1104,￥37,面包蛋糕,曼哈顿广场/英协路,生日蛋糕， 蜜桃半熟芝士， 丹麦红豆,LanTa蓝塔烘焙!原味半熟芝士蛋糕,无
泮金大塘(北二七路店),1920,￥88,粤菜馆,大石桥/体育场,招牌虾饺皇， 豉汁蒸凤爪， 豉汁蒸排骨,泮金大塘虾饺专门店!【4店通用2-3人餐】精选套餐,无
郑州建业艾美酒店-曙日本餐厅,3720,￥219,日式自助,建业路/英协花园,刺身拼盘， 蒲烧鳗鱼， 鱼子酱鹅肝,郑州建业艾美酒店-曙日本餐厅!炙烧铁板单人餐,无
胖哥俩肉蟹煲(中原万达店),2125,￥101,肉蟹煲,中原万达,招牌肉蟹煲， 鸡爪煲， 牛蛙煲,胖哥俩肉蟹煲!【新品尝鲜】滋味虾蟹煲,无
杜夫朗格网络蛋糕(河南省国家大学科技园孵化2号楼B座店),421,￥215,面包蛋糕,郑州大学新校区,梅加伦湖的圣诞夜， 冰淇淋蛋糕， 蓝莓芝士,无,无
都善和记洛阳涮牛肚(丰产路店),443,￥56,火锅,国贸360,特色牛肚， 油炸腐竹， 精品豆皮串,都善和记洛阳涮牛肚!仅售168元！价值247元的4-6人餐。,无
宋老三苏肉羊肉汤老店,1420,￥39,快餐简餐,新世界百货,原油肉， 小苏肉， 自制烧饼,无,无
松针蔡记蒸饺(花园路店),1653,￥62,豫菜,金水路/省政府,传统蒸饺， 馄饨， 蔡记素蒸饺,松针蔡记蒸饺!仅售99.9元！价值241元的【松针蔡记蒸饺】3-4人餐。,无
解家河南菜(农业路店),1699,￥81,豫菜,冉屯路/五龙口,温县麦香铁棍山药， 灌汤脆皮鸭， 牛肉绿蒜,解家河南菜!小吊梨汤,无
骆总督四川担担面(大卫城店),676,￥23,粉面馆,丹尼斯·大卫城,招牌担担面， 老成都冰粉， 鸡爪,骆总督四川担担面!超值单人餐,无
本穆青海牛肉拉面(正光北街店),3637,￥26,面馆,郑东新区CBD,传统牛肉面， 传统牛肉拉面， 炒拉条,本穆青海牛肉拉面!【暖冬福利】风味单人餐,无
班记油泼面(科源路店),1200,￥25,粉面馆,正弘中心,油泼面， 小凉菜， 凉拌牛肉,班记油泼面!【推荐】牛肉饺子+油泼面双人餐,无
湖南大碗菜(劳卫路店),1351,￥49,湘菜,大石桥/体育场,臭桂鱼， 长沙臭豆腐， 小炒鸡珍,湖南大碗菜!【特惠】湘菜3-4人餐,无
四厂烩面(棉纺路店),2595,￥30,烩面馆,锦艺城/王府井,四厂咖喱烩面， 老烩面， 凉菜,四厂烩面!烩面单人餐,无
七里田·重庆鱼蛙火锅(凯德广场店),2285,￥99,鱼火锅,建业路/英协花园,牛蛙， 四川手工冰粉， 看见肉的午餐肉,七里田·重庆鱼蛙火锅!招牌鱼蛙四人餐,无
食欲老院子河南民间菜(瑞达路店),1650,￥75,豫菜,科学大道,荆芥疙瘩汤， 老院子扒皮鱼， 酸汤焦炸丸,食欲老院子荆芥疙瘩汤!仅售94元！价值100元的代金券1张，除酒水 小料 套餐 特价商品外全场通用，可叠加使用，可免费使用包间。,无
溢香苑瓦罐(交通路店),1677,￥33,家常菜,升龙广场,纯廋酥肉瓦罐， 千层烧饼， 莲夹瓦罐,溢香苑瓦罐!仅售47.5元！价值50元的代金券1张，全场通用，可叠加使用，可免费使用包间。,无
袁记云饺(南阳路店),346,￥24,饺子,丰业广场/千盛广场,黄金咖喱牛腩拌面， 现榨南瓜汁,袁记云饺!仅售36.8元！价值40元的代金券1张，仅适用于生食外带(包装费咨询商家)，可叠加使用。,无
巴奴毛肚火锅(淮河路店),1182,￥128,重庆火锅,升龙广场,经典毛肚， 野山菌汤， 茴香小油条,巴奴毛肚火锅!仅售100元！价值100元的代金券1张，全场通用，可叠加使用。,有
海底捞火锅(美景欢乐广场店),2882,￥91,四川火锅,北大学城,招牌虾滑， 纯纯纯牛油锅， 番茄锅底,海底捞火锅!仅售95元！价值100元的代金券1张，全场通用，可叠加使用。,有
老北京炙子烤肉(金水西路店),717,￥61,融合烤肉,锦艺城/王府井,黑胡椒牛肉， 鱼豆腐， 烤饼丝,老北京炙子烤肉!仅售90元！价值100元的代金券1张，除酒水饮料外全场通用，可叠加使用。,无
老北京炙子烤肉·炙热居(经开第一大街店),543,￥71,融合烤肉,经开区,黑胡椒牛肉， 鸡蛋豆腐， 传统羊肉,老北京炙子烤肉·炙热居!品质2-3人餐,无
喜茶(郑州万象城店),745,￥19,茶饮果汁,西大街,多肉葡萄(首创)， 多肉葡萄（首创）， 芝芝芒芒（首创）,喜茶!「第一次喝」5选1,无
好好芭面包+牛奶,344,￥17,饮品,财院/轻工业学院,虎皮卷， 纯牛奶， 枣糕,无,无
阿刚铁板烧(政四街总店),829,￥53,烤串,经三路沿线,烤饼， 金针菇， 鱿鱼须,无,无
喆鹏酒店·K100西餐厅,170,￥226,西餐,惠济区,牛油果酱配炸鸡， 大闸蟹， 天妇罗虾,喆鹏酒店·K100西餐厅!仅售1288元！价值1990元的【超值5人餐】大闸蟹、乳山g8+生蚝、蒸汽海鲜...无限畅吃。,无
忆西郊烤肉(升龙天汇店),872,￥68,融合烤肉,冉屯路/五龙口,冰杨梅， 手切五花肉， 特色虾扯蛋,忆西郊烤肉!【烤出新意】中式烧烤6人餐,无
解家河南菜(陇海西路店),1836,￥81,豫菜,儿童公园/凯旋门,红焖鱼头， 烙馍四宝拼， 地锅馍蘸酱,解家河南菜!特惠双人餐,有
虎丫炒鸡(郑州金水熙地港店),3185,￥53,豫菜,熙地港/王府井,麻辣炒鸡， 小吊梨汤， 虎丫拌面筋,虎丫炒鸡!仅售95元！价值100元的代金券1张，可叠加使用。,无
眷茶(正弘城店),1079,￥18,茶饮果汁,正弘中心,山水莓莓芝士， 凤梨金桔奶绿， 草莓鲜橙茉莉,眷茶!【春生之力】望春山·非遗毛尖奶茶,无
老杜掌勺(第六大街店),356,￥50,川菜馆,经开区,会馆煎鲤鱼， 辣道土豆片， 尖山土猪肝,老杜掌勺!仅售49.9元！价值83元的鲜炒大盘鸡双人餐。,无
豆捞坊·鲜牛肉火锅(锦艺城店),2307,￥97,潮汕牛肉火锅,锦艺城/王府井,手打牛肉丸， 吊龙， 嫩肉,豆捞坊·鲜牛肉火锅!常乐四人餐,无
托斯卡纳烘焙意大利餐厅(五天地店),2223,￥110,西餐,郑东新区CBD,托斯卡纳经典比萨， 芭娜娜酸奶， 意大利肉酱直身面,托斯卡纳烘焙意大利餐厅!【五一带娃】一家三口大口披萨品质甄选,无
海底捞火锅(印象汇店),4673,￥101,四川火锅,建业路/英协花园,招牌虾滑， 捞派肥牛， 捞派豆花,海底捞火锅!仅售95元！价值100元的代金券1张，全场通用，可叠加使用。,有
粤小煲鸡煲大排档(大卫城店),3502,￥72,客家菜,丹尼斯·大卫城,猪肚鸡， 毛根竹蔗水， 爆浆手打虾滑,粤小煲鸡煲大排档!【春润煲鲜】 辛辣过瘾海南白胡椒鸡煲 4人餐,有
蓉亭食贝(盛华里店),2006,￥68,川菜馆,经开区,蓉派食贝毛血旺， 蓉派招牌豆腐花鲈鱼， 蓉派鸡丝凉面,蓉亭食贝![食贝上新]春味品质4人餐,有
林记盆景鱼火锅(伊河路店),3729,￥71,鱼火锅,嘉锦酒店,麻辣番茄鱼， 麻辣酸菜鸳鸯锅， 酸菜鱼,林记盆景鱼火锅!仅售88元！价值196.02元的2-3人餐（不补差价）酱香。,无
杨记清芳牛肉拉面(京广路店),771,￥36,面馆,火车站/二七广场,拉面， 羊肉串， 涮牛肚,杨记清芳牛肉拉面!清芳牛肉拉面x可口可乐幸福CP单人餐,无
清真·海记牛肚王(郑州总店),957,￥84,火锅,祭城/大旺城,自制大片牛肚， 烤葱饼， 牛胸茬,清真·海记牛肚王!仅售98元！价值128元的超值2-3人餐。,无
申家大院生态园,426,￥56,豫菜,二七区,铁板食神豆腐， 柴鸡焖粉皮， 私房豆腐煲,申家大院生态园!【特色】一品豆花2人餐,无
毋米粥开煲(英协路店),2192,￥64,火锅,曼哈顿广场/英协路,煲粥皮蛋粒， 皮蛋瘦肉粥， 芋头,毋米粥开煲!仅售95元！价值100元的代金券1张，全场通用，可叠加使用。,无
华豫川酒家(丹尼斯七天地店),937,￥95,川菜馆,郑东新区CBD,藤椒太安鱼， 清一色毛血旺， 蟹黄豆花,华豫川酒家!仅售12元！价值24元的冰柠乐1杯。,有
有点湘辣椒炒肉(博雅广场店),676,￥52,湘菜,龙子湖校区,辣椒炒肉， 皮蛋青椒擂茄子， 手撕包菜,有点湘辣椒炒肉!【有点湘很下饭】四人套餐,无
谷雨耘全日餐厅(龙湖里店),870,￥26,快餐简餐,郑东新区CBD,胡辣汤豆花， 招牌酱肉包， 原味豆浆,谷雨耘全日餐厅!仅售28.5元！价值30元的代金券1张，除酒水、饮料、卤味外全场通用，可叠加使用。,无
宝鸡故事秘制手工擀面皮(经五路店),1305,￥15,快餐简餐,国贸360,醪糟鸡蛋汤， 岐山哨子面， 呱呱面筋,宝鸡故事秘制手工擀面皮!仅售16.9元！价值19元的擀面皮套餐，建议单人使用。,无
DEEP COFFEE(咖啡烘焙工厂店),423,￥42,咖啡,医学院,手冲咖啡， Combo， 苹果可颂,无,无
一厂光头烤面筋(总店),633,￥11,烤串,锦艺城/王府井,烤面筋， 鱼豆腐， 年糕,无,无
80cake蛋糕(国贸360店),2782,￥38,面包蛋糕,国贸360,榴莲芝士， 芒果慕斯， 蓝莓芝士,80cake蛋糕!仅售45元！价值50元的榴莲芝士1个，全场通用，可叠加使用。,无
老闪(康城·棕榈泉店),186,￥32,面馆,长途客运总站,牛肉拉面， 手工杂面， 烩面,老闪!【超实惠大满足】面条豪华单人餐,无
踏脸网烧(黄河路店),577,￥89,烧烤烤串,大石桥/体育场,烤肉， 烤土豆泥， 黑猪五花肉,踏脸网烧!仅售45元！价值50元的代金券1张，除酒水、饮料（自助蘸料）外全场通用，可叠加使用。,无
生态全牛宴(八里庙社区六号院店),375,￥85,特色菜,东建材,牛肉汤送饼丝， 肚包脑， 牛肚,生态全牛宴!【道道精品】牛腩现蒸菜莽双人餐仅堂食,无
白堽羊肉(红专路店),1687,￥72,豫菜,经三路沿线,吊炉烧饼， 烩羊肉， 羊肉汤,白堽羊肉!仅售25元！最高价值27元的单人餐A，提供免费WiFi，提供免费停车位。,无
虎丫炒鸡(瀚海海尚店),3513,￥52,豫菜,东风路,酱香口味炒鸡， 小吊梨汤， 虎丫拌面筋,虎丫炒鸡!仅售95元！价值100元的代金券1张，可叠加使用。,无
巴奴毛肚火锅(锦艺店),4431,￥121,重庆火锅,锦艺城/王府井,野山菌汤， 巴奴毛肚， 虾滑,巴奴毛肚火锅!甄选牛肉|澳洲和牛加量20%（赠菜品）,有
老四海鲜烧烤总店(丰庆路店),1342,￥97,海鲜,财院/轻工业学院,特色蟹钳， 花甲， 烤羊肉串,老四海鲜烧烤总店!仅售95元！价值100元的代金券1张，全场通用，可叠加使用。,无
彭厨(国基路店),2339,￥65,湘菜,普罗旺世/庙李,肉汤泡饭， 湖南辣椒炒肉， 原味肉枣汤,彭厨!【品质甄选】湘味十足双人餐,无
莫山小馆(海尚店),2162,￥75,苏浙菜,东风路,枣香扎肉， 红烧排骨， 红烧中黄鱼,莫山小馆!【莫山】优选4人餐,无
宝弟羊肉馆(众意路店),289,￥78,牛羊肉火锅,宝龙城市广场/熙地港,烧饼， 鲜切羊上脑， 涮羊肉,无,无
胖哥俩肉蟹煲(郑州熙地港店),1394,￥80,肉蟹煲,熙地港/王府井,招牌肉蟹煲， 鸡爪煲， 鸡翅煲,胖哥俩肉蟹煲!河南地区 | 甄选煲类双人餐,无
方永结胡辣汤·清真(天伦路总店),1099,￥14,胡辣汤,柳林刘庄,牛肉胡辣汤， 牛肉肉盒， 精品胡辣汤,方永结胡辣汤!仅售19.8元！价值30元的【优享双人餐】鲜香胡辣汤+小米粥+葱花油饼+菜角+康师傅饮品。,无
胖哥俩肉蟹煲(大卫城店),6684,￥86,肉蟹煲,丹尼斯·大卫城,鸡爪煲， 招牌肉蟹煲， 肉蟹煲,胖哥俩肉蟹煲!【新品尝鲜】滋味虾蟹煲,无
马路边边串串香(郑州总店),2234,￥75,串串香,建业凯旋广场,串串， 冒牛肉， 红糖冰粉,马路边边串串香!【欢聚】四人餐,无
鸿茂斋·涮羊肉(一天地店),1225,￥94,老北京火锅,郑东新区CBD,高钙羊肉， 精品肥牛， 芝麻酱,鸿茂斋·涮羊肉!【包间可用】品鸿小酥肉（可与套餐同用）,无
小V家火锅鸡(郑州总店),5443,￥52,火锅鸡,长江中路沿线,小V家秘制火锅鸡， 蘸碟， 火锅鸡,小V家火锅鸡!仅售10.9元！价值12元的饮品4选1，建议单人使用。,无
廣順興(明鸿路店),1478,￥79,粤菜馆,农科路酒吧街,煲仔饭， 猪肚鸡， 毛根甘蔗水,廣順興!【四喜合鲜】新品四人餐,无
5个面包(二七万达店),1238,￥12,面包蛋糕,二七万达,菠萝包， 蔓越莓奶酪， 巧克力玛芬蛋糕,5个面包!经典4选3,无
蓉亭食贝(金融岛店),2814,￥70,川菜馆,国家森林公园/北龙湖,,蓉亭食贝![食贝上新]春味4人餐,有
彼得家牧场牛排(大卫城店),1023,￥84,牛排,丹尼斯·大卫城,,彼得家牧场牛排汉堡!仅售193元！价值290元的超值精选2人餐。,无
LanTa蓝塔烘焙(公园茂店),949,￥33,面包蛋糕,高新区,,LanTa蓝塔烘焙!【高性价】花式可颂塔-4粒装|现烤双人餐,无
水浒烤肉(登封郑煤小区店),1034,￥68,烧烤烤串,登封市,,水浒烤肉!仅售1元！价值5元的基围虾一只1只。,无
岳文生烧烤,566,￥64,烧烤烤串,火车站/二七广场,,无,无
张记瓦罐(政七街店),1155,￥43,豫菜,金水路/省政府,,无,无
合记烩面(人民路店),5283,￥49,豫菜,火车站/二七广场,,无,无
广顺鑫猪肚鸡(经八路店),1748,￥66,粤菜馆,建文新世界,,广顺鑫猪肚鸡!【店长推荐】养生煲双人餐,无
长安古寨建业大食堂(足球小镇店),453,￥49,豫菜,二七区,,无,无
胥佳烧鸡公牛肉面馆,877,￥22,面馆,长途客运总站,,无,无
呷哺呷哺(郑州杉杉奥莱店),1267,￥66,小火锅,杉杉奥特莱斯,呷哺调料， 缤纷蔬菜拼盘， 呷哺精选肥牛,呷哺呷哺!牛羊大虾+小酥肉缤纷2-3人餐,无
椰诉(郑州熙地港店),881,￥22,茶饮果汁,熙地港/王府井,马蹄爆珠香水椰， 椰椰杨枝甘露， 芭乐香水椰,椰诉!整只椰子冻,无
胡涂印象老串串(桐柏路店),1736,￥57,重庆火锅,锦艺城/王府井,麻辣牛肉， 香菜， 串串,胡涂印象老串串!仅售79元！价值100元的代金券1张，除锅底、酒水饮料外全场通用，仅限使用1张，可免费使用包间。,无
郑州绿地JW万豪酒店The Grill烤汇扒房,616,￥394,西餐,郑东新区CBD,黑松露蘑菇汤， 餐前面包， 单人战斧牛排,郑州绿地JW万豪酒店The Grill烤汇扒房!仅售498元！价值3406元的双人M3菲力牛排半自助。,无
小宇宙的猫王榴莲店(清水苑社区店),155,￥19,甜品,郑东新区,马来西亚白咖啡， 马来西亚嘎椰烤面包， 榴莲煎堆,无,无
豫满楼(农业路店),5789,￥76,豫菜,国贸360,红烧黄河大鲤鱼， 小馒头蘸酱， 毛血旺,豫满楼!【打卡必点】2人餐,无
SHUO·W闪屿,285,￥135,甜品,东建材,覆盆子巧克力， 奶茶蛋糕， 茉莉蜜桃,无,无
苏园餐饮·苏园(新都会店),1516,￥93,苏浙菜,郑州东站,红烧肉， 苏式三杯鸡， 养生自制豆腐,苏园餐饮·苏园!苏园经典八人餐,无
珂子珍味海鲜(经一路总店),1072,￥104,海鲜,经三路沿线,花蛤， 辣炒蟹钳， 清蒸生蚝,无,无
哆焙工坊(国贸店),168,￥28,面包蛋糕,国贸360,橙v专享蛋糕， 海盐榛子蛋糕， 四寸草莓蛋糕,无,无
袁记云饺(阳光新城店),339,￥20,饺子,中原万达,鲜虾蟹籽云吞， 牛肉大葱饺， 冬菇马蹄鲜肉饺,袁记云饺!【入春尝鲜】鲜虾蟹籽云吞拼招牌云吞|生鲜38颗,无
苏园餐饮·苏荟(大卫城店),1787,￥96,粤菜馆,丹尼斯·大卫城,红烧肉， 蟹黄豆腐， 三杯鸡,苏园餐饮·苏荟!苏荟经典尝鲜双人餐,无
执人执味精品咖啡专门店,905,￥45,咖啡,郑东新区CBD,精品手冲咖啡， 话梅气泡美式， 咖啡果皮养生茶,执人执味精品咖啡专门店!仅售95元！价值100元的代金券1张，仅适用于店内咖啡饮品，可叠加使用。,无
与山湘荟·豫湘苑(英协路店),1627,￥76,湘菜,曼哈顿广场/英协路,泉水带皮羊肉煲， 新派小炒黄牛肉， 辣椒皮蛋,与山湘荟·豫湘苑!仅售95元！价值100元的代金券1张，除酒水、饮料、烟、茶叶外全场通用，可叠加使用，可免费使用包间。,无
海底捞火锅(锦荣悦汇城店),3845,￥107,四川火锅,豫康新城,招牌虾滑， 捞派滑牛肉， 番茄锅底,海底捞火锅!仅售95元！价值100元的代金券1张，全场通用，可叠加使用。,有
郑东靓靓虾馆·金牌油焖大虾(天泽街店),1283,￥119,小龙虾,宝龙城市广场/熙地港,油焖大虾， 蒜蓉大虾， 秘制蒸虾,郑东靓靓虾馆·金牌油焖大虾!【午市专享】龙虾双人餐,无
小肥羊·牛羊肉火锅(黄河路店),6230,￥75,牛羊肉火锅,金水路/省政府,羊肉， 清汤麻辣鸳鸯锅， 传统肥牛,小肥羊·牛羊肉火锅!经济双人餐,无
地盘薄比萨·厚汉堡(信万广场店),972,￥50,比萨,普罗旺世/庙李,地盘薄底比萨任意拼， 超级至尊比萨， 全是果肉榴莲,地盘薄比萨·厚汉堡!9英寸夏威夷比萨,无
豫见湘土情(交通路店),2628,￥59,湘菜,郑铁体育中心,特色臭鲈鱼， 招牌臭桂鱼， 食神豆腐,豫见湘土情!【情人节】超值两人畅吃扶墙套餐,无
醉巴鲜烤鱼(国贸店),25581,￥62,烤鱼,国贸360,黑鱼， 烩面， 剁椒烧鱼,醉巴鲜烤鱼!【春游踏青可自提】热销烤鱼2-3人餐,无
河南天地粤海酒店-粤海世家茶餐厅(农业路店),2161,￥111,茶餐厅,经三路沿线,粤海虾饺皇， 金酱蒸凤爪， 蒜香蒸排骨,无,无
虢国羊肉汤馆(农业路店),2022,￥33,小吃快餐,经三路沿线,香辣羊肉汤， 猪肉肉夹馍， 素饼,虢国羊肉汤馆!仅售85元！价值100元的代金券1张，除酒水饮料外全场通用，可叠加使用。,无
辣风火锅(新郑华盛奥特莱斯店),3843,￥54,火锅,奥特莱斯/锦艺城,手打鲜虾滑， 辣风手切鲜牛肉， 风椒牛肉,辣风火锅!【大学生专享】68代100元代金券,无
本味焖罐源(天泽街店),489,￥78,豫菜,宝龙城市广场/熙地港,饼蘸酱， 黄金饼， 牛骨髓,本味焖罐源!六人套餐,无
鸡公虾婆(无限城店),3096,￥46,干锅/香锅,火车站/二七广场,最爱鸡公虾煲， 鸡公虾婆， 鱼豆腐,鸡公虾婆!仅售156元！价值240元的【聚餐专享】超值5-6人餐。,无
铁板诱惑法式铁板烧(正弘城店),3498,￥283,自助餐,正弘中心,芝士焗龙虾， 木瓜雪蛤， 汁浇沙鳗鱼,铁板诱惑法式铁板烧!浪漫优享-肥肝畅吃单人自助,有
粤色·老广州茶餐厅(河南商会大厦店),1191,￥60,茶餐厅,郑州东站,金牌干炒牛河， 老广鲜虾饺， 荔湾艇仔粥,粤色·老广州茶餐厅!仅售45元！价值50元的代金券1张，除烧腊，海鲜，酒水饮料外全场通用，可叠加使用2张。,无
肖家饸饹面总店(郑州总店),1323,￥22,粉面馆,曼哈顿广场/英协路,优质饸饹面， 普通饸烙面， 加肉饸饹面,肖家饸饹面总店!仅售12.6元！价值15元的普通饸烙面1份，提供免费WiFi。,无
苏北红胖胖龙虾(总店),545,￥58,小龙虾,正弘中心,龙虾面， 蒜蓉龙虾， 麻辣小龙虾,苏北红胖胖龙虾!苏北老店特惠双份套餐,无
熙粤酒家(顺河路店),1050,￥88,粤菜馆,曼哈顿广场/英协路,腊味煲仔饭， 深井烧鹅， 葱花酿豆腐,熙粤酒家!仅售38.8元！价值48元的腊味煲仔饭1份。,无
北角秀味(美景龙堂·欢乐广场店),1189,￥51,茶餐厅,富田太阳城,虾饺皇， 干炒牛河， 冰火菠萝油,北角秀味!【粤吃粤美味】粤菜双人餐,无
火荣宫廷桃酥王(总店),595,￥16,面包蛋糕,国贸360,宫廷桃酥， 鲜乳蛋卷， 虎皮蛋糕,火荣宫廷桃酥王!仅售10.8元！价值13元的【巨划算】椰蓉酥半斤单人餐1份。,无
豫满楼(郑东新区店),5084,￥70,豫菜,郑东新区CBD,红烧鲤鱼， 小馒头蘸酱， 葱椒黄河浸大鲤鱼,豫满楼!【豫菜特色】宴请宾朋6-8人餐,无
薇薇安(正弘城店),1113,￥40,甜品,经三路沿线,招牌榴莲千层蛋糕， 榴莲千层， 芒果千层切角,薇薇安!仅售228元！价值368元的6英寸女宝生日蛋糕（低糖纯动物淡奶油）1个，约6英寸，圆形。,无
子午张记肉夹馍(健康路总店),1036,￥19,快餐简餐,大石桥/体育场,优质肉夹馍， 招牌米皮， 精瘦肉夹馍,子午张记肉夹馍!仅售39.8元！价值42元的实惠双人餐。,无
巴奴毛肚火锅(海尚店),4143,￥121,重庆火锅,东风路,经典毛肚， 雪花牛肉， 巴奴擀面皮,巴奴毛肚火锅!仅售100元！价值100元的代金券1张，全场通用，可叠加使用。,有
王祥军四川担担面(人和路店),428,￥24,面馆,升龙广场,担担面， 香肠， 鸡爪,无,无
西湖春天(中州店),2617,￥113,苏浙菜,金水路/省政府,手剥龙井虾仁， 东坡肉， 招牌生煎包,西湖春天!仅售97.5元！价值100元的代金券1张，仅适用于大厅，可叠加使用。,有
郭记老汉口热干面,920,￥18,小吃快餐,郑东新区CBD,牛肉热干面， 杂酱热干面， 豆皮,无,无
烧肉酒场·烧肉小酒馆,524,￥168,小吃快餐,宝龙城市广场/熙地港,至尊十五阶梯烧（烧肉）， 蒲烧鳗鱼饭， 九炙火烤全垒打,烧肉酒场·烧肉小酒馆!仅售92元！价值100元的代金券1张，除酒水饮料外全场通用，可叠加使用，提供免费WiFi。,无
阿平牛杂(国贸360店),2141,￥29,小吃快餐,国贸360,阿平牛杂粉， 牛杂煲， 红烧牛肉萝卜汤饭,阿平牛杂!仅售11.9元！价值12元的【可同享】茉莉冰豆浆1袋。,无
KAOTOWN烤堂•烧烤•牛腩煲(海汇港店),1412,￥90,烤串,郑州东站,蜜汁鸡翅中， 新密炒虾尾， 海鲜粥,KAOTOWN烤堂•烧烤•牛腩煲!【画蛇添福】午市限定双人餐,无
海底捞火锅(恒大广场店),2466,￥96,四川火锅,经开区,纯纯纯牛油锅， 招牌虾滑， 捞派脆脆毛肚,海底捞火锅!仅售95元！价值100元的代金券1张，全场通用，可叠加使用。,有
记忆餐厅·庭院式(东明路店),1579,￥67,私房菜,曼哈顿广场/英协路,黄河大鲤鱼， 芝士焗红薯， 三鲜疙瘩汤,记忆餐厅·庭院式!仅售210元！价值282元的【高性价】豫菜4人餐。,无
pho10食粉(熙地港店),1591,￥68,越南菜,宝龙城市广场/熙地港,火车头牛肉汤粉， 越南小食拼， 越式烤肉法包,pho10食粉!仅售39.9元！价值56元的小吃6选2，建议单人使用。,无
四厂烤包子(国棉家属院店),1040,￥12,包子,中原区,烤包子， 羊肉串， 馕,无,无
书亦烧仙草(锦艺城店),1371,￥13,茶饮果汁,锦艺城/王府井,书亦烧仙草， 葡萄芋圆冻冻， 杨枝甘露烧仙草,书亦烧仙草!桃桃乌龙果茶（大杯）,有
一厂麻辣猪蹄,509,￥35,快餐简餐,锦艺城/王府井,麻辣猪蹄， 虾尾， 精品鸡爪,一厂麻辣猪蹄!两个猪蹄+一份饺子+两罐可乐,无
西牧尚品新疆菜土坑烤全羊,902,￥70,新疆菜,郑东新区CBD,西牧原始羊肉串， 喀什烤包子， 果仁酸奶,西牧尚品新疆菜土坑烤全羊!【品质甄选】精品双人餐,无
西湖春天(百合店),1240,￥155,苏浙菜,宝龙城市广场/熙地港,东坡肉， 知味小排， 干炸东海黄金带鱼,西湖春天!欢乐团聚四人餐,有
阿德重庆印象火锅(工业路店),733,￥57,重庆火锅,建业购物广场,精品肥牛， 阿德毛肚， 鲜虾滑,阿德重庆印象火锅!仅售49.9元！价值100元的代金券1张，仅限使用1张。,无
北面·肉酱面是一绝(璞丽中心店),364,￥19,粉面馆,经三路沿线,招牌肉酱面， 酸爽瓜条， 藤椒牛肉面,北面·肉酱面是一绝!招牌肉酱面+酸爽瓜条,无
秋波里爆蛋豆腐虾(鑫都汇店),984,￥46,虾蟹火锅,郑铁体育中心,爆蛋豆腐虾， 爆蛋豆腐， 手工拉面,秋波里爆蛋豆腐虾!仅售97元！价值100元的代金券1张，全场通用，可叠加使用2张。,无
眷茶(熙地港店),1559,￥18,茶饮果汁,熙地港/王府井,低脂特选乌龙芝士， 凤梨金桔奶绿， 低脂小叶茉莉芝士,眷茶!【不含茶】芒果牛乳+草莓牛乳2选1,无
粗粮厨掌柜·非遗传承(林科路店),1468,￥58,豫菜,经三路沿线,八宝烤南瓜， 包公大鲤鱼， 京酱肉丝,粗粮厨掌柜·非遗传承![包间可用免费生日布置]聚会8-10人餐,无
猫姑娘大盘鸡(商城路店),608,￥63,新疆菜,西大街,酱焖鸡爪， 黄金炒馍， 猫姑娘大盘鸡,无,无
任记肉合店,508,￥14,快餐简餐,二七万达,猪头肉饼， 耳丝饼， 麻辣鸡肉米线,任记肉合店!仅售98元！价值100元的代金券1张，仅限使用1张。,无
上海恩记汤包馆(东三街店),1961,￥28,包子,大石桥/体育场,虾仁鲜肉包， 招牌纯鲜肉汤包， 蛋黄汤包,上海恩记汤包馆!仅售14元！价值26元的招牌纯鲜肉汤包1份。,无
李四辈(CBD5店),1190,￥17,生煎/锅贴,郑东新区CBD,饣它汤， 煎包， 豆粥,李四辈!仅售28元！价值31元的【冬日暖粥】豆粥单人餐。,无
豫文德小馆(商鼎路店),782,￥55,豫菜,郑东新区CBD,麻辣鸭头， 经典酸菜鱼， 川香辣子鸡,豫文德小馆!【豫文德】甄选双人餐,无
张新革传统砂锅,430,￥24,其他中餐,丰业生活广场,酥肉莲夹砂锅， 莲条， 砂锅什锦,无,无
巴奴毛肚火锅(惠济万达店),1595,￥125,重庆火锅,惠济万达广场,巴奴毛肚， 绣球菌， 经典毛肚,巴奴毛肚火锅!高人气双人餐,有
至尊强仔(正光北街店),2049,￥101,粤菜馆,郑东新区CBD,至尊虾饺皇， 腊味煲仔饭， 榴莲酥,至尊强仔!仅售95元！价值100元的电子代金券1张，除烟酒饮料，特价菜海鲜外全场通用，可叠加使用。,无
马道街甜食部(东风路店),137,￥18,快餐简餐,东风路,古法雪花酪， 方便杏仁茶， 玫瑰冰赤豆,马道街甜食部!仅售99元！价值149元的浇.汁.米宗.子8枚装1份。,无
TiM CHA(龙湖里店),332,￥22,饮品,郑东新区CBD,鲜萃莓果多多， 奥利奥鲜乳茶， 车厘子多多,TiM CHA!仅售15.8元！价值18元的熔岩热巧1份。,无
汕锦记潮汕牛肉火锅(天明路店),3188,￥79,潮汕牛肉火锅,丰业广场/千盛广场,现打牛肉丸， 吊龙， 现切鲜牛肉,汕锦记潮汕牛肉火锅!4-5人经典团圆餐,无
必胜客(二七万达店),1362,￥50,比萨,二七万达,牛排， 超级海鲜至尊， 意面,必胜客!重磅新品必胜小食盒,有
瓦舍茶馆(东风路店),1144,￥86,茶餐厅,东风路,福鼎老白茶， 老豆腐煨牛腩， 宫廷熟普洱,瓦舍茶馆!二人茶时光【赠送早餐】【独立茶室】,无
巴奴毛肚火锅(盛华里店),2292,￥128,重庆火锅,经开区,经典毛肚， 野山菌汤， 雪花牛肉,巴奴毛肚火锅!甄选牛肉|澳洲和牛加量20%（赠菜品）,有
莫山小馆(锦艺城购物B区店),4909,￥73,浙菜,锦艺城/王府井,枣香东坡肉， 红烧排骨， 红烧小黄鱼,莫山小馆!【月销量40000块】枣香扎肉·可叠加套餐,无
须水邓记叫化鸡(中原路店),5432,￥67,豫菜,高新区,五香猪蹄， 邓记叫化鸡， 红烧黄河大鲤鱼,须水邓记叫化鸡!仅售95元！价值100元的代金券1张，全场通用，可叠加使用。,无
东京包子楼(政七街店),475,￥34,包子,国贸360,茴香大肉灌汤包， 灌汤包， 韭菜鸡蛋素小笼包,无,无
彼酷哩活鱼现烤(二七万达店),5195,￥61,烤鱼,二七万达,豆花烤鱼， 梭边鱼， 黑金螺蛳粉烤鱼,彼酷哩活鱼现烤!仅售329元！价值473.6元的【家庭聚会】6人餐·双鱼双口味套餐。,无
靓靓蒸虾·头牌蒸虾(郑州旗舰店),3232,￥110,小龙虾,宝龙城市广场/熙地港,靓靓蒸虾， 经典爆款凉面， 极品油焖大虾,靓靓蒸虾·头牌蒸虾!仅售138元！价值200元的代金券1张，单次消费最多可用1张，不可与其它代金券叠加使用。,无
吕氏疙瘩汤·新派鲁菜(郑州万象城店),6617,￥56,鲁菜,万象城,蛤蜊疙瘩汤， 西红柿疙瘩汤， 招牌炸虾仁,吕氏疙瘩汤·新派鲁菜!仅售48元！价值50元的代金券1张，全场通用，可叠加使用。,无
LanTa蓝塔烘焙(中原万达店),1041,￥25,面包蛋糕,中原万达,生日蛋糕， 蜜桃半熟芝士， 手撕面包,LanTa蓝塔烘焙!仅售48元！价值50元的代金券1张，全场通用，可叠加使用。,无
栗子来了(正弘城店),509,￥23,栗子/干果,正弘中心,招牌板栗， 樱桃小山楂， 酸奶坚果冻,栗子来了!【新品上市】鲜制枣仁派260g,无
猫与桃花源主题猫咖(二七万达店),2795,￥26,茶饮果汁,二七万达,茉莉白桃奶盖， 草莓气泡水， 黑森林蛋糕,猫与桃花源主题猫咖!仅售33.9元！价值75.1元的『40只猫』猫咖不限时撸猫+饮品+猫零食+桌游豪华单人套餐。,无
楚江子·龙继斑鱼庄(建设东路店),4911,￥86,鱼火锅,医学院,招牌0.5毫米斑鱼片， 现熬鱼汤， 招牌锅盔馍,楚江子·龙继斑鱼庄!【踏青精选】下午茶单人餐,有
湾餐厅·象之屋酒吧酒店,854,￥111,西餐,曼哈顿广场/英协路,澳洲安格斯谷饲肉眼火山岩牛排， 茄汁肉酱意面， 奶油蘑菇汤,湾餐厅·象之屋酒吧酒店!仅售99元！价值278元的【尝鲜价】99超值套餐单人餐。,无
豫人老北京炙子烤肉(郑密路店),462,￥74,烧烤烤串,帝湖,五花肉， 黑椒牛肉， 饼丝,豫人老北京炙子烤肉!仅售95元！价值100元的代金券1张，仅限使用1张。,无
高记肉夹馍,508,￥12,小吃快餐,锦艺城/王府井,麻辣肉夹馍， 五香肉夹馍， 肥瘦中辣肉夹馍,无,无
沙朗阿甘鲜肉汉堡(建业凯旋广场店),388,￥30,西式快餐,正弘中心,安格斯芝士牛肉堡， 柠檬可乐， 爆浆芝士堡,沙朗阿甘鲜肉汉堡!仅售12元！价值15元的代金券1张，除套餐外全场通用，仅限使用1张。,无
必胜客(大卫城店),1125,￥51,比萨,丹尼斯·大卫城,超级至尊比萨（芝心普通装）， 牛排， 意面,必胜客!【尖叫星期三】经典披萨任选1份,有
刘涛烧烤(百福街店),307,￥72,烤串,郑东新区CBD,羊肉串， 腰子， 烤牛肚,无,无
呷哺呷哺(局外太格茂店),1671,￥65,小火锅,龙子湖校区,茉香奶绿， 精选肥牛， 手打芝士虾滑,呷哺呷哺!内蒙草原乌珠穆沁小肥羊单人餐,无
黔岭土家煨锅(经六路店),538,￥92,贵州菜|黔菜,人民路/紫荆山,芭蕉丝， 青椒鸡， 黄豆鸡,黔岭土家煨锅!仅售95元！价值100元的代金券1张，仅限使用1张。,无
卡龙兰法式铁板烧,594,￥172,日式铁板烧,郑东新区CBD,鹅肝鱼子酱蒸蛋， 法国红酒鹅肝， 火焰冰激凌,卡龙兰法式铁板烧!仅售598元！价值1482元的龙虾扇贝双人套餐。,无
巴奴毛肚火锅(信万广场店),1129,￥121,重庆火锅,陈砦,经典毛肚， 乌龙冰粉， 羊肉,巴奴毛肚火锅!【入会即享】茉莉奶绿,无
龙太极火锅(高新区店),3318,￥50,重庆火锅,郑州大学新校区,优质羔羊肉卷， 自助小料， 庄园肥牛,龙太极火锅!仅售85元！价值100元的代金券1张，除酒水、饮料外外全场通用，可叠加使用，可免费使用包间，提供免费WiFi。,无
中原农家乐(中原饭店),595,￥38,农家菜,登封市,槐花鸡蛋， 红烧农家鸡， 野菇炒肉,中原农家乐!农家乐尊享12-14人餐,无
CoCo都可(熙地港店),934,￥14,茶饮果汁,熙地港/王府井,鲜百香双响炮， 奶茶三兄弟， 珍珠奶茶,CoCo都可!【大杯大口喝】奶茶果茶7选2,无
郑州希尔顿酒店·阿米奇意大利餐厅,734,￥256,西餐,曼哈顿广场/英协路,战斧牛排， 牛肝菌奶油蘑菇汤， 香煎鹅肝,郑州希尔顿酒店·阿米奇意大利餐厅!仅售688元！价值1472元的“欢聚畅享”-澳洲战斧牛排套餐，建议3-4人使用。,无
LanTa蓝塔烘焙(绿地新都会店),1113,￥28,面包蛋糕,祭城/大旺城,原味半熟芝士蛋糕， 蜜桃半熟芝士， 丹麦红豆,LanTa蓝塔烘焙!核桃芝士马里奥,无
煌粮小灶·精致家常菜(碧云路店),1261,￥55,家常菜,橄榄城,烤南瓜， 烙馍四件套， 酱焖鱼,无,无
阿平牛杂(大卫城店),2975,￥35,小吃快餐,丹尼斯·大卫城,牛杂煲， 秘制萝卜条， 冒鸭血,阿平牛杂!仅售78元！价值118元的【劲享】粉面双人餐。,无
呐呆面包研究所(升龙广场店),447,￥23,面包蛋糕,升龙广场,超浓牛奶吐司（小）， 巧克力吐司， 酸甜蔓越莓吐司（小）,呐呆面包研究所!仅售18.8元！价值25元的贝果5选2，建议单人使用。,无
DQ·蛋糕·冰淇淋(大卫城店),1362,￥25,冰淇淋,丹尼斯·大卫城,dq暴风雪， 抹茶巴旦木暴风雪， 巧克力麦片暴风雪,DQ·蛋糕·冰淇淋!【新品】开心果风味暴风雪双杯（标杯杯型）,无
方勇烧烤总店(工三街店),1116,￥69,烧烤烤串,人民路/紫荆山,羊肉串， 烧麦， 蒸菜莽,无,无
阿平牛杂(正弘城店),2993,￥35,小吃快餐,正弘中心,牛杂煲， 原味牛杂面， 秘制自助小料,阿平牛杂!仅售78元！价值118元的【劲享】粉面双人餐。,无
袁老四老火锅(郑州总店),14243,￥76,重庆火锅,升龙广场,麻辣牛肉， 太阳肥牛， 蟹子火龙果虾滑,袁老四老火锅!【 双倍快乐】茉莉轻乳茶+蘑菇慕斯布丁,无
LanTa蓝塔烘焙(花园路店),854,￥32,面包蛋糕,人民路/紫荆山,生日蛋糕， 双莓半熟芝士， 丹麦红豆,LanTa蓝塔烘焙!4吋爆浆蛋糕单人餐（三选一）,无
马记绿豆饼(总店),685,￥13,面包蛋糕,国贸360,绿豆饼， 红豆饼， 板栗饼,无,无
郑州绿地JW万豪酒店-都会尚膳自助餐厅,7746,￥232,自助餐,郑东新区CBD,大闸蟹， 披萨， 日式料理,郑州绿地JW万豪酒店-都会尚膳自助餐厅!家庭餐两大一小自助餐,无
嘴八爷美蛙鱼火锅(淮河路店),1434,￥77,重庆火锅,儿童公园/凯旋门,净牛蛙， 招牌川味菜籽油麻辣锅底， 魔芋豆腐,嘴八爷美蛙鱼火锅!仅售46元！价值50元的代金券1张，除锅底酒水饮料，自助调料素菜台外全场通用，单次消费最多可用10张，不可与其它代金券叠加使用，可免费使用包间。,无
海底捞火锅(华强广场店),1652,￥90,四川火锅,冉屯路/五龙口,招牌虾滑， 捞派鲜毛肚， 纯纯纯牛油锅,海底捞火锅!仅售95元！价值100元的代金券1张，全场通用，可叠加使用。,有
武陟虹兴砂锅(普庆路店),656,￥32,东北菜,普罗旺世/庙李,什锦砂锅， 砂锅炖排骨， 砂锅炖酥肉,武陟虹兴砂锅!仅售98元！价值100元的代金券1张，全场通用，可叠加使用。,无
喵言喵语·猫咪桌游·猫咖啡馆(国贸店),887,￥29,咖啡,国贸360,小吃拼盘， 蔓越莓饼干， 黑森林冰淇淋蛋糕,喵言喵语·猫咪桌游·猫咖啡馆!仅售85元！价值100元的代金券1张，全场通用，可叠加使用。,无
朴作麺包店(中义·阿卡迪亚店),285,￥29,面包蛋糕,郑东新区CBD,日式红豆面包， 小米面包， 碱水面包,朴作麺包店!仅售47元！价值50元的代金券1张，全场通用，仅限使用1张。,无
郑州富力万达文华酒店·云端美食汇自助餐厅,5913,￥209,自助餐,正弘中心,哈根达斯冰淇淋， 榴莲蛋糕， 杨枝甘露,郑州富力万达文华酒店·云端美食汇自助餐厅!【店庆钜惠】双人豪华海鲜自助晚餐/周末午餐,无
贺锦记廣州开煲酒楼(优胜路店),1009,￥98,粤菜馆,大石桥/体育场,锦记腊味煲仔饭， 锦记明炉烧鹅， 生啫生肠,贺锦记廣州开煲酒楼!仅售118元！价值139元的【著名生滚粥】2-3人餐。,无
老蔡记(二七广场店),2707,￥36,豫菜,西大街,三鲜大肉蒸饺， 冰糖红豆汤， 优质馄饨,无,无
巴奴毛肚火锅(正弘旗店),1191,￥128,重庆火锅,农科路酒吧街,野山菌骨汤牛油辣， 经典毛肚， 乌鸡卷,巴奴毛肚火锅!仅售100元！价值100元的代金券1张，全场通用，可叠加使用。,有
茶百道(锦艺城店),676,￥15,茶饮果汁,锦艺城/王府井,杨枝甘露， 招牌芋圆奶茶， 豆乳玉麒麟,茶百道!茉莉奶绿(大杯),无
胖哥俩肉蟹煲(二七万达店),2803,￥78,肉蟹煲,二七万达,招牌肉蟹煲， 鸡爪煲， 牛蛙煲,胖哥俩肉蟹煲!【新品尝鲜】滋味虾蟹煲,无
美盛喜来登大酒店-盛宴标帜餐厅,4856,￥171,自助餐,郑州东站,提拉米苏， 芝士蛋糕， 日式铁板烧,美盛喜来登大酒店-盛宴标帜餐厅!10人欢享自助餐|可用包间 家庭聚餐/生日派对/公司团建,无
豫宴泓园(智慧港店),267,￥90,豫菜,龙子湖校区,素包子， 海鲜疙瘩汤， 烙馍卷馓子,豫宴泓园!【豫宴泓园】状元及第10人餐,无
LanTa蓝塔烘焙(嵩山路店),617,￥28,面包蛋糕,儿童公园/凯旋门,生日蛋糕， 蜜桃半熟芝士， 丹麦红豆,LanTa蓝塔烘焙!半熟巴斯克,无
花溪·融合餐厅(星月广场店),326,￥54,特色菜,星月时代广场,平凡的土豆， 柠檬酸菜鱼， 芝士烤红薯,花溪·融合餐厅!精品四人餐,无
五顺斋清真烤鸭店(文化路分店),2617,￥47,烤鸭,正弘中心,烤鸭， 椒盐鸭架， 荷叶饼,五顺斋清真烤鸭!仅售168.5元！价值180元的五顺斋真空烤鸭，建议6人使用。,无
棒约翰比萨·意面(锦艺城餐厅店),901,￥58,比萨,锦艺城/王府井,圣诞安格斯牛肉盛宴披萨， 安格斯手手撕牛肉通心粉披萨， 装法式厚切猪肉披萨,棒约翰比萨·意面!安格斯手撕牛肉比萨双人餐,无
老李家炒鸡面馆(中原万达店),768,￥60,快餐简餐,中原万达,炒鸡， 麻辣小龙虾， 老李家焖烧鱼,老李家炒鸡面馆!【经典老味道】砂锅红焖牛排3-4人餐,无
水浒烤肉(国贸总店),5932,￥60,烤串,国贸360,秘制羊肉， 五花肉， 鸡翅,水浒烤肉!仅售90元！价值100元的代金券1张，除酒水饮料外全场通用，可叠加使用5张。,无
眷茶(二七万达店),992,￥17,茶饮果汁,二七万达,凤梨金桔奶绿， 草莓鲜橙茉莉， 特选乌龙芝士,眷茶!【香草上新】相映红·香草锡兰,无
豫雅园·烤鸭烩面(雅宝东方国际广场店),2000,￥84,豫菜,郑州东站,酥香嫩烤鸭， 羊肉烩面， 高炉烧饼,豫雅园·烤鸭烩面!仅售7元！价值7.9元的手工奶皮子酸奶1份。,无
和米堂(大卫城店),4975,￥19,小吃,丹尼斯·大卫城,原味章鱼烧， 玉米奶酪章鱼烧， 芝士年糕,和米堂!仅售206元！价值230元的代金券1张，全场通用，可叠加使用。,无
重庆赖火锅(城东南路总店),442,￥108,重庆火锅,福都生活广场,生抠鲜鸭肠， 鸭血， 贡菜,无,无
眷茶臻选(中原万达店),907,￥17,茶饮果汁,中原万达,凤梨金桔奶绿， 低脂小叶茉莉芝士， 草莓鲜橙茉莉,眷茶!【茶友推荐】人气榜4选2,无
四川阿彭回锅肉饭店(百福街店),1290,￥66,川菜馆,东建材,麻辣回锅肉， 压锅排骨， 肉汤泡饭,四川阿彭回锅肉饭店!【正宗川渝】米椒黄牛肉双人餐,无
海底捞火锅(橄榄城店),4188,￥95,四川火锅,橄榄城,招牌虾滑， 番茄锅底， 纯纯纯牛油锅,海底捞火锅!五荤四素甄选单人套餐,有
茶百道(正弘城店),1177,￥17,茶饮果汁,正弘中心,杨枝甘露， 豆乳玉麒麟， 招牌芋圆奶茶,茶百道!杨枝甘露（中杯）,无
哈根达斯(郑州国贸店),596,￥58,冰淇淋,国贸360,葡萄朗姆酒品脱冰淇淋， 花团锦簇冰淇淋火锅， 提拉米苏恋曲,哈根达斯!2份花心思冰淇淋礼盒（送原装品脱冰淇淋）,无
极拉图·现制冰淇淋(二七万达三楼店),1217,￥16,冰淇淋,二七万达,招牌咸蛋黄冰淇淋， 极拉图的大橙子， 希腊酸奶茉莉花冰淇淋,极拉图·现制冰淇淋!【超实惠】单球蛋筒冰淇淋,无
卜居茶舍(经北三路店),533,￥121,豫菜,经开区,臭鳜鱼， 手抓羊排， 地锅馍,卜居茶舍!仅售568元！价值711元的【相见欢】品质四人餐，可免费使用包间。,无
阿森九记猪肚鸡,2327,￥80,猪肚鸡火锅,经三路沿线,九记猪肚鸡， 茅根水， 柳州炸腐竹,阿森九记猪肚鸡!【阿森九记】甄选3-4人餐,无
荣品荟·融合餐厅(月湖广场店),727,￥71,特色菜,惠济万达广场,精品毛血旺， 红红火火， 砂锅荔浦芋头,荣品荟·融合餐厅!仅售195元！价值200元的代金券1张，除酒水饮料外全场通用，可叠加使用。,无
米兰西饼生日蛋糕(龙湖店),464,￥56,面包蛋糕,奥特莱斯/锦艺城,多彩水果蛋糕， 小双层灌南高手， 生日蛋糕,米兰西饼生日蛋糕!【需自取】米兰伴手礼：6粒装牛奶奶油马芬杯精美小糕点,无
邢中原杂面条(淮北街总店),577,￥22,粉面馆,长城康桥华城,网红杂面条， 卤鸡爪， 鸡翅,邢中原杂面条!仅售8.8元！价值10元的【桌桌必点】招牌杂面条1碗1份。,无
怀生记小馆(易生活店),1862,￥59,特色菜,863软件园,芝士烤红薯， 酥骨鱼， 石锅小蘑菇,怀生记小馆!【臻材食料】创意/概念菜3-4人餐（限时售卖）,无
沐府小馄饨(关虎屯生活广场店),418,￥31,馄饨|抄手|扁食,国贸360,沐府高汤小馄饨， 石磨杏仁茶， 鸡汤米线,无,无
面包真我(绿城广场店),365,￥33,面包蛋糕,郑州大学,玫瑰爱红酒， 黑眼豆豆， 金枪鱼餐包,面包真我!【超值】68元下午茶套餐，55元拥有。,无
眷茶臻选(华润万象城店),1324,￥17,茶饮果汁,万象城,凤梨金桔奶绿， 河南荆芥柠檬茶， 低脂小叶茉莉芝士,眷茶!【春生之力】非遗毛尖双杯套餐（别太急周边送完为止）,无
周家壮馍,122,￥23,小吃快餐,沙门/汽配,壮馍， 酸辣肚丝汤， 丸子汤,周家壮馍!仅售99.9元！价值100元的代金券1张，仅限使用1张。,无
合记烩面(众意路店),1193,￥56,烩面馆,郑东新区CBD,特优烩面， 烩面， 合记千张丝,合记烩面!特色四人餐,无
眷茶(国贸360·桃花源店),1259,￥17,茶饮果汁,国贸360,低脂特选乌龙芝士， 凤梨青桔奶绿， 山水莓莓芝士,眷茶!仅售16.9元！价值19元的紫苏令（紫苏柠檬）1大杯。,无
巴蜀王氏现捞(二七总店),332,￥28,卤味鸭脖,二七万达,猪脸肉和鸭肠的脑花饼， 香辣猪蹄， 烧饼夹脑花,无,无
清真·静水瓦屋茶餐厅(商鼎店),1537,￥179,创意菜,郑州东站,石锅豆腐， 瓦屋汤浇米， 果木炭烤羊肉粒,清真·静水瓦屋茶餐厅!午市4人套餐,无
龍園涮肉(丰庆路店),2630,￥70,老北京火锅,东风路,内蒙古高钙羊肉， 小料， 清汤锅,龍園涮肉!龍園老北京涮肉六人餐,无
李记铸铁锅炖鱼(颖河路店),216,￥67,东北菜,儿童公园/凯旋门,铸铁锅炖鱼， 玉米， 江团鱼,李记铸铁锅炖鱼!仅售268元！价值364元的甄选美味4人餐。,无
胖哥俩肉蟹煲(正弘城店),2601,￥84,肉蟹煲,正弘中心,招牌肉蟹煲， 鸡翅煲， 牛蛙煲,胖哥俩肉蟹煲!【新品尝鲜】滋味虾蟹煲,无
武汉名吃(经一路店),457,￥69,小吃,经三路沿线,素热干面， 爆炒黄鳝段， 粉蒸肉,无,无
七+SevenHome,163,￥87,面包蛋糕,国贸360,动物奶油蛋糕， 百利甜咖啡蛋糕， 酥皮大泡芙,七+SevenHome!【应季奶糕】4寸摩卡奶酪1个（蓝风车动物奶油）,无
爸爸糖吐司面包(郑州曼哈顿店),511,￥35,面包蛋糕,曼哈顿广场/英协路,招牌原味吐司， 招牌奶酥吐司， 迪拜巧克力吐司,爸爸糖吐司面包!【神券专享】爆款吐司5选1,无
清真高老大牛排胡辣汤(嵩山路总店),391,￥16,胡辣汤,二七万达,牛排胡辣汤， 水煎包， 油饼,无,无
印度小厨(翰林国际城店),445,￥57,印度菜,郑州大学新校区,咖喱角Samosa， 奶油鸡， 印度奶茶Chai,印度小厨!仅售118元！价值139元的玛萨拉二人餐。,无
德蓉记四川小吃(纬四路总店),616,￥18,小吃,金水路/省政府,麻辣烫米线两掺， 麻辣烫， 四川凉面,无,无
豫合汇·唱出来的老烩面,785,￥120,豫菜,祭城/大旺城,招牌烩面， 豫府扣四宝， 黄河大鲤鱼,无,无
十二道街川湘菜馆(心怡路店),901,￥61,川菜馆,祭城/大旺城,肉汤泡饭， 阿彭的老妈回锅肉， 干锅鸭头,十二道街川湘菜馆!仅售47元！价值50元的代金券1张，除酒水饮料外全场通用，可叠加使用，可免费使用包间。,无
粤小煲鸡煲大排档(锦艺城店),2060,￥69,客家菜,锦艺城/王府井,猪肚鸡， 竹升面， 广式腊味饭,粤小煲鸡煲大排档!【百香甜蜜】 酸辣开胃百香果鸡煲 2人餐,有
潮汕坊牛肉火锅,1113,￥58,潮汕牛肉火锅,升达大学/中原工学院,手锤鲜牛丸， 吊龙， 招牌炸豆皮,潮汕坊牛肉火锅!【滚烫人生】火锅2-3人餐,无
上井·精致料理(天空之城店),2135,￥294,自助餐,体育公园,芝士蟹宝， 刺身拼盘， 红酒鹅肝,上井·精致料理!仅售99元！价值100元的代金券1张，仅限使用1张。,无
南大门韩糕(健康路店),2202,￥19,面包蛋糕,大石桥/体育场,手打桂花糕， 酸奶奥利奥， 椰丝香芋,南大门韩糕!糖水系列,无
工人路炸鸡(光合店),506,￥27,炸鸡炸串,嘉锦酒店,炸鸡腿， 炸鸡翅， 工人路炸鸡,工人路炸鸡!仅售8元！价值10元的代金券1张，全场通用，仅限使用1张。,无
香天下传承火锅(中原路黄河店),3434,￥86,四川火锅,医学院,妈妈酥肉， 挂面鸭肠， 首相丸子,香天下传承火锅!仅售90元！价值100元的代金券1张，除酒水外全场通用，可叠加使用。,无
汕锦记潮汕牛肉火锅(京广路店),3315,￥83,潮汕牛肉火锅,长途客运总站,现打牛肉丸， 吊龙伴， 匙仁,汕锦记潮汕牛肉火锅!【春游踏青-可自提】欢聚宴6-8人餐,无
孙夫子超级烘培集市(航海东路店),451,￥19,甜品,经开区,绿豆饼， 红豆饼， 紫薯饼,孙夫子超级烘培集市!仅售3.99元！价值6元的拉丝老面包3选1，建议单人使用。,无
土大力拌饭名家(丹尼斯百货店),3127,￥62,韩式料理,火车站/二七广场,海鲜绢豆腐汤， 经典石锅拌饭， 玉米芝士,土大力拌饭名家!【韩式招牌】菜品双人餐,无
方秀华优质胡辣汤(伏牛路店),648,￥13,胡辣汤,中原万达,优质胡辣汤， 肉盒， 羊肉包子,方秀华优质胡辣汤!仅售9.9元！价值10.5元的【方秀华】胡辣汤单人餐。,无
鲁班喜悦酒店,211,￥80,豫菜,市博物馆,干煸翅中， 果木烤鸭， 手撕排骨,鲁班喜悦酒店!仅售95元！价值100元的代金券1张，除烟、酒水外全场通用，可叠加使用10张，可免费使用包间。,无
黄记煌三汁焖锅(国贸店),3957,￥61,焖锅,国贸360,巴沙鱼， 黄记煌， 鲜虾,黄记煌三汁焖锅!品质双人餐,无
斑马咖啡(宏达街店),224,￥39,咖啡,普罗旺世/庙李,dirty， 冰拿铁， 手冲咖啡,无,无
CoCo都可(绿地新都会店),631,￥11,茶饮果汁,祭城/大旺城,奶茶三兄弟， 鲜百香双响炮， 鲜芋青稞牛奶,CoCo都可!【现熬慢煮】黑糖珍珠系列2选1,无
虾客传龙虾馆(秦岭路店),2711,￥83,小龙虾,锦艺城/王府井,油焖大虾， 黄金炒馍， 蒜蓉大虾,无,无
天堂鸟水煮鱼·品质川菜(凤凰路店),2214,￥59,酸菜鱼/水煮鱼,康桥商务广场,天堂鸟毛血旺， 天堂鸟招牌水煮有机鱼， 木桶烩珍菌,天堂鸟水煮鱼·品质川菜!【春季限定】团团圆圆8-10人餐（包间免费）,无
东来顺(经三路店),2455,￥88,老北京火锅,经三路沿线,涮羊肉， 特色麻酱小烧饼， 传统羊肉,东来顺!仅售92元！价值100元的代金券1张，仅适用于大厅，可叠加使用。,无
冯记天府麻辣串(桃源南街店),731,￥24,串串香,长城康桥华城,麻辣串， 四川冰粉， 莲菜,冯记天府麻辣串!仅售27.9元！价值30元的代金券1张，全场通用，可叠加使用。,无
银杏树海鲜餐厅(桐柏路店),611,￥88,海鲜,嘉锦酒店,初恋麻辣小蟹钳， 鲽鱼， 知味茄子,银杏树海鲜餐厅!仅售95元！价值100元的代金券1张，可叠加使用5张。,无
满芳兰庭羊肉汤烩面(第三大街店),6907,￥27,快餐简餐,经开区,羊肉烩面， 羊肉汤， 肉夹馍,满芳兰庭羊肉汤烩面!仅售45元！价值50元的代金券1张，全场通用，可叠加使用。,无
穆彦华逍遥镇胡辣汤(岗坡路店),1073,￥15,胡辣汤,中原万达,优质胡辣汤， 水煎包， 牛排胡辣汤,穆彦华逍遥镇胡辣汤!仅售13.3元！价值14元的【巨划算】菜品单人餐。,无
葛记焖饼(桐柏路店),1844,￥49,豫菜,儿童公园/凯旋门,红豆粥， 葛记焖饼， 绿豆沙,葛记焖饼!999元和谐团建套餐,无
小六家拌面(永威木色店),554,￥32,快餐简餐,郑东新区CBD,爆炒小公鸡拌面， 酸辣鸡杂拌面， 爽爆肥肠拌面,小六家拌面!仅售35元！价值40元的代金券1张，除酒水饮料外全场通用，可叠加使用2张。,无
土大力韩国烤肉料理(信万广场店),597,￥88,韩式烤肉,普罗旺世/庙李,玉米芝士， 韩味辣炒糕条， 烤牛肉拌饭,土大力韩国烤肉料理!仅售9.9元！价值50元的代金券1张，除酒水，饮料外全场通用，可叠加使用。,无
额娘·春饼烤鸭(惠济万达店),2939,￥61,烤鸭,惠济万达广场,桂花香烤鸭， 额娘手工春饼， 招牌京酱肉丝,额娘·春饼烤鸭!甄选必点四人套餐,无
小小河边鱼·黄辣丁鲜鱼锅(万安路店),2357,￥70,鱼火锅,郑东新区CBD,黄辣丁鲜锅鱼， 地锅馍， 小小河边鱼,小小河边鱼·黄辣丁鲜鱼锅!{新品搭配}黄辣丁2-3人餐(万安),无
福润绿豆酥(锦艺城店),1015,￥18,小吃,锦艺城/王府井,绿豆酥， 红豆酥， 芋头酥,福润绿豆酥!仅售32.8元！价值35.2元的乳酪全系列组合四枚装6选4，建议单人使用。,无
溢香苑瓦罐(优胜北路店),2764,￥38,家常菜,大石桥/体育场,纯廋酥肉瓦罐， 莲夹， 香酥饼,溢香苑瓦罐!仅售47.5元！价值50元的代金券1张，全场通用，可叠加使用，可免费使用包间。,无
豫满楼(经三路店),2600,￥94,豫菜,经三路沿线,馒头蘸酱， 红烧鲤鱼， 金牌毛血旺,豫满楼!仅售90元！价值100元的代金券1张，除酒水、茶水、饮料、特产、海鲜外全场通用，可叠加使用10张。,无
付记杏仁茶(汝河小区店),347,￥9,小吃快餐,儿童公园/凯旋门,杏仁茶， 葡萄干， 黑芝麻,无,无
阿康小吃(百花路店),875,￥20,小吃,碧沙岗,麻辣烫， 秘制凉面， 面筋,阿康小吃!【老板也爱吃】砂锅+小吃+饮品,无
CoCo都可(汇艺店),651,￥13,茶饮果汁,郑州东站,奶茶三兄弟， 鲜百香双响炮， coco奶茶,CoCo都可!【经典Q弹】珍珠奶茶大杯,无
清真·涛哥鱼火锅(商城路总店),479,￥81,鱼火锅,西大街,麻辣鱼锅， 麻辣番茄锅， 酸菜鱼锅,无,无
鲜芋仙(大卫城店),2247,￥24,甜品,丹尼斯·大卫城,芋圆四号， 鲜芋仙招牌加芋头， 仙草四号,鲜芋仙!仅售42元！价值45元的代金券1张，全场通用，可叠加使用。,无
必胜客(国贸中心店),1310,￥55,比萨,国贸360,意面， 牛排， 榴莲多多比萨,必胜客!【尖叫星期三】经典小食任选1份,有
东城火锅店(东明路店),2075,￥98,重庆火锅,曼哈顿广场/英协路,东城毛肚， 东城小酥肉， 嫩肉片,东城火锅店!川味火锅双人餐,无
椒龙巷成都市井火锅(凤台路店),851,￥71,四川火锅,曼哈顿广场/英协路,番茄锅， 手工虾滑， 冰粉,椒龙巷成都市井火锅!仅售148元！价值233元的川味/重庆火锅2-3人餐。,无
驭羊大爷烤羊腿·羊蝎子火锅(国贸360店),3916,￥76,烤羊腿,国贸360,香酥烤羊排， 蒜蓉生蚝， 精品羊蝎子火锅,驭羊大爷烤羊腿·羊蝎子火锅!仅售6元！价值7元的青岛1瓶1瓶。,无
半天妖烤鱼(惠济万达广场店),6513,￥55,烤鱼,惠济万达广场,青花椒烤鱼， 五常大米， 大叉烤肉,半天妖烤鱼!人气满满2人餐（叉尾鮰鱼）,无
来总家咖啡馆,1728,￥39,咖啡,月季公园,酸辣面， 蔓越莓饼干， 秘制鸡翅,来总家咖啡馆!仅售39.9元！价值53元的【品质】单人下午茶套餐。,无
郑州绿地JW万豪酒店-中餐厅,1233,￥244,粤菜馆,郑东新区CBD,羊肉烩面， 清蒸石斑鱼， 每日新鲜老火靓汤,郑州绿地JW万豪酒店-中餐厅!尊享豪华16-18人餐,无
老胖包子总店,152,￥9,包子,丰业广场/千盛广场,纯肉包， 韭菜肉， 香菇红萝卜粉条,无,无
苏生记(中牟店),1912,￥72,苏浙菜,县政府,金牌红烧肉， 生焗蒜香虾， 北京烤鸭,苏生记!仅售239元！价值287元的苏生记招牌美味四人餐。,无
胖娃川菜馆(前进路店),397,￥60,川菜,锦艺城/王府井,歌乐山辣子鸡， 毛血旺， 香辣土豆丝,无,无
必胜客(公园茂店),703,￥50,比萨,高新区,甄选沙朗牛排， 抹茶雪域蛋糕， 经典意式肉酱面,必胜客!【必胜客新入会专享】爆款汉堡意面任选一份,有
濮食壮馍,184,￥34,快餐简餐,金水路/省政府,壮馍， 煎灌肠， 胡辣汤,无,无
周记特色羊杂汤,469,￥20,小吃快餐,郑铁体育中心,羊杂汤， 烧饼， 羊肉汤牛肉丸子,无,无
裕丰源(福彩路店),798,￥78,豫菜,省电视台,滋补烩面， 果木烤鸭， 羊肉串,裕丰源!【门店特色】馍花盖凉粉,无
CoCo都可(中原万达店),697,￥13,茶饮果汁,中原万达,奶茶三兄弟， 鲜百香双响炮， 珍珠奶茶,CoCo都可!【新会员专享】原叶好茶,无
西关味(丹尼斯4天地店),4718,￥39,广州菜,郑东新区CBD,金汤鲜虾云吞面， 鲜虾滑肠粉， 老娘叉烧饭,西关味!仅售47.5元！价值50元的代金券1张，全场通用，可叠加使用。,无
土房子酸菜活鱼馆(经南五路亲情店),4013,￥63,特色菜,经开区,黑鱼， 麻辣鱼， 传统酸菜,土房子怪味活鱼馆!土房子超级奶霜系列,无
奈雪的茶(二七万达店),685,￥21,茶饮果汁,二七万达,霸气芝士草莓， 霸气橙子， 霸气水蜜桃,奈雪的茶!【招牌推荐】霸气鲜果茶6选1（升级版）,无
呷哺呷哺(郑州锦艺城店),5169,￥55,小火锅,锦艺城/王府井,麻酱， 呷哺草原羔羊肉炸串， 呷哺虾滑,呷哺呷哺!呷哺有约下午茶双人餐,无
古早味坊(国棉四厂家属院店),291,￥22,面包蛋糕,锦艺城/王府井,海绵蛋糕， 芝士蛋糕， 蔓越莓面包,古早味坊!【尝鲜价】碱水类四选二,无
宴秋杭州菜(燕园店),858,￥78,苏浙菜,体育公园,枣香东坡肉， 宴秋神仙鸡， 生煎包,宴秋杭州菜!仅售96元！价值100元的代金券1张，除酒水饮料，海鲜，特价菜外全场通用，可叠加使用。,无
裕丰源滋补烩面(桐柏路店),2018,￥35,烩面馆,中原万达,滋补烩面， 羊肉串， 蒸菜,裕丰源滋补烩面!仅售95元！价值100元的代金券1张，全场通用，可叠加使用3张。,无
味庄(三厂食堂店),845,￥52,川菜馆,锦艺城/王府井,松鼠鱼， 锅巴三鲜， 炒面,无,无
马仁鸿凉皮店,1030,￥10,快餐简餐,锦艺城/王府井,凉皮， 两掺， 擀面皮,无,无
粤味塘·广州小馆,501,￥69,粤菜馆,曼哈顿广场/英协路,广东烧鹅， 双腊煲仔饭， 生啫生肠,粤味塘·广州小馆!仅售10.9元！价值12元的小食2选1，建议单人使用。,无
上贤居•地道湖北菜(政七街店),1010,￥64,家常菜,经三路沿线,秘制臭鲑鱼， 糯米珍珠藕丸， 丐香藕香粉蒸肉,上贤居•地道湖北菜!【品质】寻味湖北3-4人餐,有
五顺斋清真烤鸭(西大街总店),1431,￥62,烤鸭,西大街,烤鸭， 荷叶饼， 五顺斋烤鸭,五顺斋清真烤鸭!仅售81.5元！价值91元的五顺斋清真烤鸭整套，建议4人使用。,无
小肥羊·牛羊肉火锅(红专路店),8576,￥61,牛羊肉火锅,郑大工学院,小肥羊精品肥牛， 滋补清汤+麻辣鸳鸯锅， 小肥羊特色宽粉,小肥羊·牛羊肉火锅!丰盛2-3人餐,无
苏园餐饮·苏荟(天空之城店),898,￥129,粤菜馆,郑州东站,二十年陈皮烧鹅， 香茅法式烤羊排， 羊肚菌自制豆腐,苏园餐饮·苏荟!苏荟经典六人餐,无
苏园餐饮·苏园(黄河路店),1968,￥80,苏浙菜,大石桥/体育场,红烧肉， 生煎牛肉包， 蟹黄豆腐,苏园餐饮·苏园!仅售159元！价值200元的苏园招牌美味双人餐。,无
醉仙烩面馆,860,￥27,烩面馆,锦艺城/王府井,咖喱烩面， 素凉菜， 羊脊骨,无,无
食欲老院子荆芥疙瘩汤(公园茂店),1602,￥73,豫菜,工大新校区,酥香烤鸭， 老院子扒皮鱼， 鸡丝凉面,食欲老院子河南民间菜!仅售588元！价值671元的甄选8人餐，可免费使用包间。,无
源鸣升鲜炒鸡(勤劳街 总店),1282,￥41,家常菜,升龙广场,五香味的鲜炒鸡， 粉皮丶， 鲜炒鸡,无,无
無间老友记养生打边炉(丰产路店),1342,￥84,打边炉/港式火锅,经三路沿线,驰名涮鸡， 無间手打牛肉丸， 油炸炸腐竹,無间老友记养生打边炉!【品质甄选】巨划算特惠多人餐,无
朱迪小铺·半糖奶油蛋糕(大观店),297,￥166,面包蛋糕,国家森林公园/北龙湖,【半糖】海盐可可， 灵感树莓冰激凌慕斯蛋糕， 榴莲芝士蛋糕,朱迪小铺·半糖奶油蛋糕!格调优雅【Jellycat 小饼干】,无
清真郭记烧鸡(西大街店),617,￥42,烧鸡,西大街,烧鸡， 笋鸡， 鸡胗鸡肝,无,无
宴秋杭州菜(锦艺城店),2386,￥74,浙菜,锦艺城/王府井,枣香东坡肉， 精品杭三鲜， 糖醋脆里脊,宴秋杭州菜!仅售132元！价值146元的吊炉脆皮烤鸭（整只）1份。,无
堂后·可以兴,100,￥102,浙菜,金水路/省政府,龙井虾仁， 清蒸鲈鱼， 养生荷叶尖,无,无
驭羊大爷烤羊腿·羊蝎子火锅(玉凤路总店),4736,￥76,烤羊腿,曼哈顿广场/英协路,呼伦贝尔糕羊腿， 内蒙古锡盟苏尼特牧场羊腿， 老醋花生,驭羊大爷烤羊腿·羊蝎子火锅!【春日相聚】羊蝎子火锅双人餐,无
郑东靓靓虾館·金牌油焖大虾(通泰路店),706,￥107,小龙虾,东建材,油焖大虾， 蒜蓉大虾， 武汉凉面,郑东靓靓虾馆·金牌油焖大虾!仅售95元！价值100元的代金券1张，全场通用，可叠加使用。,无
苏园餐饮·温馨园(经七路店),2411,￥64,川菜,国贸360,北京烤鸭（两吃）， 生焗蒜香虾， 松鼠海鲈鱼,苏园餐饮·温馨园!温馨园招牌四人餐,无
DQ·蛋糕·冰淇淋(郑州正弘城店),490,￥22,冰淇淋,正弘中心,标准杯暴风雪， 抹茶巴旦木暴风雪， DQ比利时巧克力味冰淇淋,DQ·蛋糕·冰淇淋!【可配送】浓情时分/蒙布朗栗子蛋糕冰淇淋2选1,无
示甜 Is Cooking²定制·低糖·欧洲动物奶油蛋糕(普罗旺世店),72,￥56,面包蛋糕,普罗旺世/庙李,皇冠生日蛋糕， 汉堡蛋糕， 男士蛋糕,示甜Is Cooking¹定制·低糖·欧洲动物奶油蛋糕!【甜梦圆舞曲】6英寸女神高级水果动物奶油1个（限时售卖）,无
景祥烩面(政六街店),1346,￥34,烩面馆,金水路/省政府,滋补烩面， 羊肉串， 精品凉菜,无,无
吉门町日式料理(郑东商业中心店),672,￥81,日本料理,汽车东站,焦糖三文鱼寿司， 厚切三文鱼， 豚骨拉面,吉门町日式料理!仅售388元！价值489元的【节日特惠】畅享豪华3-4人餐，可免费使用包间。,无
好彩猪肚鸡(国基路店),406,￥79,粤菜馆,普罗旺世/庙李,招牌猪肚鸡， 甘蔗马蹄水， 腊味煲仔饭,好彩猪肚鸡!【春日好彩头】约会双人餐,无
东城十里,950,￥113,海鲜,郑州东站,蒜蓉烤生蚝， 小波龙， 羊肉串,东城十里!仅售98元！价值100元的代金券1张，全场通用，可叠加使用，可免费使用包间。,无
关虎屯老味米线(正道花园店),1105,￥16,小吃快餐,金水路/省政府,鸡汁豆皮夹饼， 关虎屯老味麻辣米线， 香辣涮面筋,关虎屯老味米线!超值单人餐,无
百花酸辣面鱼酸辣粉(百花路店),293,￥10,小吃快餐,碧沙岗,酸辣面鱼， 烙馍卷菜， 酸辣面,无,无
三不牛腩(巩义店),242,￥64,火锅,星月时代广场,养生虫草花菌王锅底， 手工虾滑， 潮汕牛肉丸,三不牛腩锅物料理!【特惠】双人餐午餐,无
必胜客(郑东店),968,￥54,比萨,郑东新区CBD,香草凤尾虾， 鸡翅， 榴莲多多比萨,必胜客!【尖叫星期三】经典小食任选1份,有
云归处私房菜(奥园国际公寓店),164,￥92,私房菜,郑东新区CBD,锅巴鸡胗， 玉米烙， 红烧茄子,云归处私房菜!仅售92元！价值100元的代金券1张，可叠加使用。,无
庆泰顺,864,￥67,私房菜,建文新世界,参鸡汤， 韩式烤肉， 芝士烤红薯,庆泰顺!仅售99元！价值238元的超值双人餐（B款）。,无
彼酷哩烤全鱼(华强城市广场店),3647,￥69,烤鱼,冉屯路/五龙口,梭边鱼， 豆花烤鱼， 小菜,彼酷哩烤全鱼!仅售129元！价值160元的特惠2人餐。,无
泮金大塘虾饺专门店(熙地港店),1535,￥83,粤菜馆,熙地港/王府井,招牌虾饺皇， 干炒牛河， 豉汁蒸风爪,泮金大塘虾饺专门店!【5店通用4人餐】烧腊茶点煲仔套餐,无
燥食日式拉面專門店(民安路店),227,￥26,日式面条,长城康桥华城,叉烧饭， 昆布豚骨拉面， 叉烧沾面,燥食日式拉面專門店!仅售28.8元！价值43.4元的燥食の拉面单人套餐，可免费使用包间。,无
简朴寨融合菜(嵩山南路店),362,￥67,快餐简餐,帝湖,玉米排骨， 黄河鲤鱼， 味道粉丝,无,无
豫满楼(正光路店),4417,￥101,豫菜,郑东新区CBD,红烧鲤鱼， 酥不腻烤鸭， 毛血旺,豫满楼!【豫菜特色】宴请宾朋8-10餐,无
KAOTOWN烤堂•烧烤(龙湖里店),1937,￥85,烤串,国家森林公园/北龙湖,烤羊肉串， 蒜蓉烤乳山生蚝， 新密炒虾尾,KAOTOWN烤堂•烧烤!【龙去蛇来】招牌砂煲双人餐,无
开封老卫全美传统手工糕点(安军城小区店),148,￥22,面包蛋糕,陈砦,桂花酥， 鲜花饼， 椒盐酥,无,无
赵记米皮(南关街店),798,￥16,快餐简餐,火车站/二七广场,麻辣烫烩面， 凉拌米皮， 麻辣烫米线两掺,无,无
老朱烧烤(顺河路店),213,￥73,烤串,曼哈顿广场/英协路,羊肉串， 肉筋， 秘制花甲,老朱烧烤!仅售48元！价值68元的特色大盘鸡（小份）1份。,无
河南食府(人民路店),5596,￥80,豫菜,大上海城,锅贴豆腐， 鲤鱼焙面， 牡丹燕菜,河南食府!仅售78元！价值100元的代金券1张，除酒水饮料，包桌、婚宴外全场通用，仅限使用1张。,无
老北京卤煮火烧,144,￥27,小吃快餐,经开区,精品卤煮火烧， 炸灌肠， 肥肠,老北京卤煮火烧!仅售26.8元！价值39元的卤煮火烧+烧饼1份。,无
海底捞火锅(龙子湖店),2696,￥109,四川火锅,龙子湖校区,招牌虾滑， 捞派脆脆毛肚， 捞派肥牛,海底捞火锅!五荤四素甄选单人套餐,有
豆捞坊·鲜牛肉火锅(航海路丹尼斯店),1540,￥92,潮汕牛肉火锅,经开区,吊龙， 手打牛肉丸， 嫩肉,豆捞坊·鲜牛肉火锅!常乐四人餐,无
彼酷哩活鱼现烤(新世界百货店),3558,￥63,烤鱼,新世界百货,豆花烤鱼， 梭边鱼， 茴香小油条,彼酷哩活鱼现烤!仅售49元！价值50元的代金券1张，仅限使用1张。,无
永霞烙馍卷菜(正道花园百货店),1398,￥9,小吃,金水路/省政府,招牌烙馍卷菜， 芝麻酱， 土豆丝,无,无
文悟法式甜品(国贸360店),121,￥118,甜品,国贸360,胡奈子摩卡， 抹茶圆舞曲， 巧克力礼赞,文悟法式甜品!仅售288元！价值398元的六英寸Bunny班尼兔1份，可免费使用包间。,无
溢香苑瓦罐(中原新城店),930,￥32,家常菜,儿童公园/凯旋门,香酥饼， 纯廋酥肉瓦罐， 酥肉莲荚,溢香苑瓦罐!仅售47.5元！价值50元的代金券1张，全场通用，可叠加使用，可免费使用包间。,无
1点点(凯旋广场店),447,￥18,茶饮果汁,建业凯旋广场,迷你杯四季奶青， 冰淇淋红茶， 迷你杯波霸奶茶,1点点!仅售17.1元！价值19元的冰淇淋红茶（大杯）1杯。,无
汉堡王(郑州二七万达店),6357,￥28,西式快餐,二七万达,薯条， 皇堡， 狠霸王牛堡,汉堡王!狠霸王牛堡4件套,无
谷禾列巴(纬五路店),1089,￥38,面包蛋糕,金水路/省政府,粗粮列巴， 列巴圈， 黑麦瓦西里,谷禾列巴!仅售48元！价值50元的代金券1张，全场通用，可叠加使用。,无
河風精致寿司(中原万达店),730,￥87,寿司,中原万达,甜丝丝卷寿司， 鳗鱼握， 芒果军舰,河風精致寿司!仅售38元！价值67元的豚骨拉面单人套餐。,无
泰隆面包房,638,￥23,面包蛋糕,金水路/省政府,巧克力球， 奶油椰丝面包， 椰丝卷,无,无
钱塘人家(中原路店),1241,￥73,浙菜,医学院,传统东坡肉， 西湖醋鱼， 手剥笋,钱塘人家!仅售68元！价值138元的普宁豆酱蒸时鲳1条。,无
肯德基(商都DT店),414,￥29,西式快餐,东建材,经典超值全家桶， 新奥尔良烤鸡腿堡， 香辣鸡腿堡,肯德基!仅售9.9元！价值18元的【肯德基新WOW会员专享】9.9元老北京鸡肉卷1份。,无
LA MAISON CAFE群青咖啡馆,388,￥58,咖啡,东建材,主厨沙拉， 美式咖啡， 纽约芝士,LA MAISON CAFE群青咖啡馆!仅售59.9元！价值76元的法式轻奢下午茶，建议单人使用。,无
粥之源豫宴(正方元店),1047,￥79,特色菜,郑东新区CBD,松茸菌老鸽焖罐， 地锅馍蘸酱， 时令素三拼,粥之源豫宴!欢聚必点双人餐,无
葭荷粗粮小厨(华山路店),5018,￥54,豫菜,中原万达,八宝烤南瓜， 酱焖鱼， 烙馍小样,葭荷粗粮小厨!仅售99元！价值123元的工作日午市专享3人餐。,无
小小河边鱼·黄辣丁鲜鱼锅(纬四路店),1109,￥78,鱼火锅,曼哈顿广场/英协路,鲜活黄辣丁， 吃鱼莫如黄辣丁， 地锅馍,小小河边鱼·黄辣丁鲜鱼锅!仅售79.9元！价值100元的代金券1张，仅限使用1张。,无
泮金大塘(南三环轻纺城店),560,￥100,粤式茶点,二七区,招牌虾饺皇， 豉汁蒸凤爪， 飘香榴莲酥,泮金大塘!【2店通用3人餐】招牌茶点豪华套餐,无
鱼酷活鱼烤鱼(郑州首店),4955,￥76,烤鱼,中原万达,烤鱼， 荔枝香辣， 荔枝酸辣,鱼酷活鱼烤鱼!不失鲜机2-3人餐-2,有
饭湘(经开店),3898,￥66,湘菜,经开区,肉汤泡饭， 老长沙辣椒炒肉， 秘制臭桂鱼,饭湘!仅售368元！价值457元的【饭湘】❤️6-8人餐。,无
廣順興(祭城店),1372,￥78,粤菜馆,祭城/大旺城,经典猪肚鸡， 蟹黄煲仔饭， 毛根甘蔗水,廣順興!138元超值双人餐,无
解家河南菜(商都路店),1225,￥88,豫菜,经开区,红焖大鱼头， 灌汤脆皮鸭， 烙馍四宝拼,解家河南菜!【沸腾】8人餐6热6凉2主食,无
萧记三鲜烩面(黄河路店),911,￥35,粉面馆,曼哈顿广场/英协路,优质三鲜烩面， 优质纯羊肉烩面， 萧记三鲜烩面,无,无
泮金大塘虾饺专门店(东明路店),1207,￥65,粤菜馆,曼哈顿广场/英协路,招牌虾饺皇大笼， 豉汁蒸凤爪， 干炒牛河,泮金大塘虾饺专门店!【4店通用2-3人餐】精选套餐,无
白记肠粉(关虎屯生活广场店),381,￥15,粉面馆,国贸360,招牌鲜虾肠粉， 香菇鸡蛋肠粉， 辣椒,白记肠粉!仅售49元！价值50元的代金券1张，可叠加使用。,无
没名炸串,242,￥26,炸鸡炸串,二七区,炸土豆片， 炸串， 炸面筋,无,无
皇宫大酒店,5062,￥95,豫菜,经三路沿线,海鲜疙瘩汤， 果木烤鸭， 干炸萝卜丸子,皇宫大酒店!仅售1699元！价值3383元的【金榜题名】皇宫海鲜钜惠，建议10人使用，可免费使用包间。,无
空心凉面,222,￥15,小吃快餐,大上海城,酸甜辣空心凉面， 鸡蛋灌饼， 麻酱凉面,无,无
郑州M酒店-美吉餐厅,876,￥75,粤菜馆,儿童公园/凯旋门,香煎牛仔骨， 肉碎金菇茄子煲， 羊肉串,郑州M酒店-美吉餐厅!仅售599元！价值746元的6-8人餐。,无
杨府宴(金城街店),379,￥65,豫菜,福都生活广场,海鲜泡饭汤， 香米扣牛肉， 羊肉串,杨府宴·宴会厅!【清真杨府宴·鸡鱼牛羊宴】劲爆4-6人餐,无
LanTa蓝塔烘焙(瀚海海尚店),947,￥25,面包蛋糕,东风路,生日蛋糕， 双莓半熟芝士， 蜜桃半熟芝士,LanTa蓝塔烘焙!仅售48元！价值50元的代金券1张，全场通用，可叠加使用。,无
仟吉KenGee(国贸360店),938,￥33,面包蛋糕,国贸360,南瓜芋泥松松包， 农场小南瓜， 伯爵珍珠奶茶泡芙,仟吉KenGee!8英寸【春日上新】动物奶油蛋糕，四环内免费配送 2选1,无
超姐家咱家小院,525,￥67,特色菜,高新区,霸王别姬， 羊肉串， 铁板虾仁茄子,超姐家咱家小院!道道招牌4人套餐品质甄选,无
星禾悦法式千层蛋糕(大卫城店),494,￥38,面包蛋糕,丹尼斯·大卫城,猫山王榴莲千层蛋糕， 芒果千层， 抹茶茉莉千层蛋糕,星禾悦法式千层蛋糕!仅售29.9元！价值39元的榴莲千层蛋糕1份，提供免费WiFi。,无
一家人·新豫菜(淮河路店),1450,￥80,豫菜,大商/升龙城,手工小米凉皮， 蒜蓉铁板虾， 功夫大烤肉,一家人·新豫菜!【工作日午市】尝鲜打卡·双人餐,无
西关味·百年广味(经三店),2279,￥37,茶餐厅,经三路沿线,金汤鲜虾云吞面， 红豆椰汁龟苓膏， 鸡蛋肠粉,西关味!仅售47.5元！价值50元的代金券1张，全场通用，可叠加使用。,无
拾岁火锅(中牟理想国店),3993,￥60,火锅,中牟县,拾岁招牌肥牛， 花胶番茄麻辣锅底， 手工鲜虾滑,拾岁火锅!【品质匠心】3人餐,无
上井精致料理(海汇中心店),2506,￥315,海鲜自助,郑州东站,法式红酒鹅肝， 综合刺身， 波士顿三文鱼卷,上井·精致料理!仅售99元！价值100元的代金券1张，仅限使用1张。,无
花雕醉鸡(龙湖店),536,￥35,特色菜,升达大学/中原工学院,花雕醉鸡盖饭， 花雕酒， 枣花蜜酒,花雕醉鸡!花雕醉鸡2人套餐,无
鲜品味海鲜加工厂(黄河南路店),1932,￥172,海鲜,郑东新区CBD,蒜蓉粉丝蒸小波龙， 砂锅海鲜粥， 三文鱼,鲜品味海鲜加工厂!【鲜品味精选】帝王蟹商务套餐,有
示甜 Is Cooking³定制·低糖·欧洲动物奶油蛋糕(科技市场店),49,￥39,面包蛋糕,正弘中心,蝴蝶结蛋糕， 生日蛋糕， 新年蛋糕,无,无
徐记烧烤羊排火锅(汝河路店),161,￥69,炸鸡炸串,儿童公园/凯旋门,烤羊排， 羊排火锅， 羊肉串,徐记烧烤羊排火锅!仅售23.9元！价值31元的地道灌汤包套餐，建议2人使用。,无
子晋雷家·泊心居,628,￥49,农家菜,登封市,山笋炒肉， 野生小河鱼， 素三样,子晋雷家·泊心居!仅售296元！价值485元的8－10人农家餐，可免费使用包间。,无
渔珺石锅鱼(商英街店),2364,￥80,鱼火锅,经开区,石锅鱼， 野生菌小拼， 千页豆腐,渔珺石锅鱼!仅售11元！价值28元的爆浆豆腐【可与团购同享】，建议3-4人使用，可免费使用包间。,无
山外珍味餐厅,81,￥480,淮扬菜,宝龙城市广场/熙地港,避风塘澳龙， 芥汁沙拉虾球， 老班章红烧肉,山外珍味餐厅!仅售499元！价值598元的【午市专享】牛肝菌炖辽参，建议单人使用。,无
孔雀裡融合餐厅,655,￥90,特色菜,金水区,三杯鸡， 话梅小排， 杭州知味观酱鸭,孔雀裡融合餐厅!品质甄选四人餐【限大厅】,无
眷茶臻选(锦艺城店),689,￥17,茶饮果汁,锦艺城/王府井,凤梨金桔奶绿， 山水莓莓芝士， 草莓鲜橙茉莉,眷茶!【春生之力】望春山·非遗毛尖奶茶,无
阿德餐饮小秦川西北菜(福民路店),527,￥56,西北民间菜,海龙时代广场,潼关肉夹馍， 秦川凉皮， 葫芦鸡,阿德餐饮小秦川西北菜!【幸福美满宴】8人399套餐,无
湖北老婆小食店(淮河路店),131,￥47,快餐简餐,郑铁体育中心,爆炒鸡胗， 爆炒腰花， 红烧大肠,无,无
福前小酥肉(正弘城总店),1507,￥17,快餐简餐,正弘中心,外酥里嫩的小酥肉， 外酥里嫩小酥肉， 花椒小酥肉,福前小酥肉!【热卖三拼】招牌酥肉蘑菇虾片三合一,无
五福油泼面,278,￥17,面馆,曼哈顿广场/英协路,油泼面， 狮子头， 红烧肉,无,无
Yomi cake(曼哈顿店),531,￥119,面包蛋糕,曼哈顿广场/英协路,心心相印蛋糕， 草莓芝心， 水果缤纷,Yomi cake!仅售198元！价值258元的抹茶栗子蛋糕1个，约6英寸，圆形。,无
瑞幸咖啡(正弘城店),534,￥13,咖啡,正弘中心,摩卡， 宇治抹茶瑞纳冰， 卡布奇诺瑞纳冰,瑞幸咖啡!【加3元升loopy联名款特大杯】鲜萃轻轻龙井,无
石磨烩面(安康路店),927,￥30,烩面馆,升龙广场,石磨烩面， 传统烩面， 羊肉串,无,无
仲景生活(国贸店),618,￥27,甜品,国贸360,黑芝麻浮云卷， 茯苓山药酥， 鸡内金焦馍,仲景生活!仅售8.8元！价值10元的【心动枸杞豆浆芋泥蛋糕】1份，可免费使用包间。,无
饭湘(嵩山路店),3996,￥63,湘菜,大商/升龙城,肉汤泡饭， 十八秒牛肉， 擂椒皮蛋,饭湘!仅售58元！价值85元的【经典】❤️超值双人餐。,无
瓦舍茶馆(聚源路店),1266,￥97,茶餐厅,东建材,福鼎老白茶， 茉莉花炒鸡蛋， 茶花鸡,瓦舍茶馆!仅售1500元！价值2279元的30人台茶套餐【会议室】，可免费使用包间。,无
清真·槐店王婆大虾(畅和街店),3365,￥63,虾蟹火锅,祭城/大旺城,槐店王婆大虾， 槐派藤椒虾锅， 话梅酥鱼,清真·槐店王婆大虾!【春日好食光】新疆奶皮子酸奶,无
西华逍遥镇姚有良优质胡辣汤(顺河路店),299,￥13,胡辣汤,人民路/紫荆山,胡辣汤， 油饼， 牛肉盒,西华逍遥镇姚有良优质胡辣汤!仅售45.9元！价值49元的【超值】胡辣汤豆腐脑4人餐。,无
市井咖啡馆(硝滩街店),200,￥30,咖啡,新世界百货,热美式， 榛果拿铁， 焦糖拿铁,无,无
豪客来牛排(锦艺华都店),4167,￥71,牛排,锦艺城/王府井,黑胡椒传奇， 黑胡椒传奇牛排， 红酒菲力牛排,豪客来牛排!王者牛排黑椒双人餐,无
阿香米线(中原万达店),2811,￥30,粉面馆,中原万达,过桥米线， 阿香番茄米线， 麻辣米线,阿香米线!仅售45元！价值50元的代金券1张，全场通用，可叠加使用。,无
湖北渔村(任寨北街店),428,￥74,湖北菜,建文新世界,豉汁排骨， 干烧臭桂鱼， 排骨莲藕汤,无,无
小凯撒披萨(时间集店),2293,￥52,比萨,正弘中心,肉香四溢披萨， 榴莲披萨， 双拼披萨,小凯撒披萨!仅售109元！价值196元的卷边夹心披萨双人餐。,无
工农兵铁锅炖菜(经八路店),3756,￥56,东北菜,建文新世界,红薯粉条， 干豆角， 彩蔬锅贴饼,工农兵铁锅炖菜!2人餐,无
南国一品·杭帮菜,912,￥91,特色菜,郑东新区CBD,海鲜全家福， 南宋萝卜糕， 杂粮炖鲍鱼,南国一品·杭帮菜!仅售85元！价值100元的代金券1张，仅适用于菜品，可叠加使用5张。,无
姜姑娘的猫咖啡馆(华润万象城店),747,￥35,咖啡,万象城,华夫饼， 冰淇淋华夫， 拿铁,姜姑娘的猫咖啡馆!仅售89元！价值100元的代金券1张，全场通用，可叠加使用，提供免费WiFi。,无
登封第一面(崇福路总店),293,￥20,粉面馆,登封市,刀削面， 凉菜拼盘， 椒炒优质刀削面,登封第一面!仅售10.9元！价值12元的刀削面1小份，可免费使用包间，提供免费WiFi，提供免费停车位。,无
大东巴厘小龙虾(汝河路总店),3324,￥85,小龙虾,升龙广场,麻辣小龙虾， 蒜香小龙虾， 羊肉串,大东巴厘小龙虾!【龙虾季】麻辣虾尾超值双人餐 首发,无
鸟蘭烧肉一番(花园路万达坊店),10840,￥92,融合烤肉,正弘中心,超级横膈膜， 薄切黑猪五花肉， 酱烧牛五花,鸟蘭烧肉一番!炮弹柠檬茶,有
星巴克(郑州新郑机场安检内店),219,￥40,咖啡,航空港区,香草味拿铁， 佛手柑抹茶星冰乐， 馥芮白（大杯）,无,无
鸿茂斋(淮河路店),2493,￥87,老北京火锅,郑铁体育中心,精品羊肉， 芝麻酱， 手工绿豆面,无,无
蝎王府羊蝎子(嵩山南路店),766,￥75,羊蝎子火锅,升龙广场,羊羔蝎子， 王府葱花饼， 羔羊排小锅,蝎王府羊蝎子!仅售139元！价值188元的畅销2-3人餐。,无
佬港味港式餐厅(锦艺城店),418,￥36,小吃,锦艺城/王府井,佬港虾饺皇， 干炒牛河， 爆汁流沙包,佬港味港式餐厅!仅售99元！价值188元的【暖冬.超值】工作日经典3-4人餐。,无
书亦烧仙草(锦荣悦汇城店),715,￥11,茶饮果汁,锦荣悦汇城,书亦烧仙草， 杨枝甘露烧仙草， 葡萄芋圆冻冻,书亦烧仙草!薄荷奶绿(大杯),有
莫山小馆(经三路店),1350,￥76,浙菜,经三路沿线,枣香扎肉， 布袋豆腐， 红烧大黄鱼,莫山小馆!【下饭】江浙菜3人餐,无
须水邓记叫化鸡(熊儿河路店),925,￥64,豫菜,祭城/大旺城,邓记叫化鸡， 五香猪蹄， 糊涂面,须水邓记叫化鸡!【踏青季】超值2-3人餐,无
老东北烤肉(荥阳店),878,￥53,韩式烤肉,海龙时代广场,黑椒牛肉， 秘制五花肉， 韩式烤肠,老东北烤肉!仅售190元！价值200元的代金券1张，单次消费最多可用1张，不可与其它代金券叠加使用。,无
郑州嘉锦酒店中餐厅(中原路店),406,￥169,川菜馆,嘉锦酒店,山城毛血旺， 辣子鸡丁， 锦里粉丝鹅掌,郑州嘉锦酒店中餐厅!【高性价】鲜榨红枣山药汁+鲜榨玉米汁,无
歪宗桂林米粉(岗坡路店),163,￥17,桂林米粉,中原万达,锅烧米粉， 肥肠捞粉， 牛肉米粉,无,无
怀生记小馆(璞丽中心店),1545,￥62,特色菜,经三路沿线,芝士烤红薯， 石锅豆花肥牛， 石锅小蘑菇,怀生记小馆!【臻材食料】创意/概念菜3-4人餐（限时售卖）,无
生态驴肉村,318,￥100,特色菜,中牟县,驴肉煎包， 生态驴肉+板筋， 驴肉板肠,无,无
汴梁徐先生炒酸奶(金水金街店),655,￥20,酸奶鲜奶,正弘中心,海盐芝士黑糯米， 海盐芝士， 朗姆酒葡萄,汴梁徐先生炒酸奶!经典厚切炒酸奶,无
汉堡王(郑州健康路店),3804,￥31,西式快餐,大石桥/体育场,薯条， 皇堡， 炫辣鸡腿堡,汉堡王!狠霸王牛堡4件套,无
relaxcake锐莱客斯·裸蛋糕(恒大名都店),1031,￥37,面包蛋糕,正弘中心,黑森林蛋糕， 巧克力裸蛋糕， 奥利奥慕斯盒子,无,无
LanTa蓝塔烘焙(健康路店),1184,￥30,面包蛋糕,健康路/零零茂,生日蛋糕， 双莓半熟芝士， 丹麦红豆,LanTa蓝塔烘焙!4吋爆浆蛋糕单人餐（三选一）,无
肯德基(万象城店),525,￥37,西式快餐,万象城,经典超值全家桶， 新春炸鸡桶兑换券， 川辣嫩牛五方欢聚餐,肯德基!仅售9.9元！价值18元的【肯德基新WOW会员专享】9.9元老北京鸡肉卷1份。,无
幸福烤肉,91,￥38,快餐简餐,长城康桥华城,土豆， 羊肉， 香菇,无,无
乡村大盘鸡·现炒生态鲜鸡(商城路总店),7878,￥46,新疆菜,康桥商务广场,大盘鸡， 凉菜， 土豆,乡村大盘鸡·现炒生态鲜鸡!仅售20元！价值22元的秘制马蹄1份。,有
